371,12,male,30,138,16,6.17,321,Bogota
636,13,male,31,141,16,4.81,280,Bogota
666,13,male,31,142,15,5.43,310,Bogota
1548,13,male,31,142,15,4.7,320,Bogota
358,13,male,31,145,15,5.62,245,Bogota
1359,13,male,31,145,15,5.7,351,Bogota
448,12,female,31,145,15,5.13,280,Bogota
173,13,female,31,146,15,4.88,292,Bogota
8,12,female,31,149,14,5.00,226,Bogota
594,13,female,31,151,14,05.02,210,Bogota
17,12,male,32,145,15,5.43,275,Bogota
59,12,male,32,145,15,4.95,331,Bogota
607,13,female,32,147,15,5.15,170,Bogota
490,12,female,32,148,15,5.75,200,Bogota
37,12,male,32,149,14,5.43,249,Bogota
280,14,male,32,150,14,5.48,260,Bogota
1502,13,male,32,150,14,5.4,350,Bogota
488,12,male,32,152,14,5.26,313,Bogota
495,12,male,32,162,12,6.17,320,Bogota
1523,13,male,35,158,14,5.1,320,Bogota
1479,12,male,36,145,17,5.1,207,Bogota
1350,12,male,36,151,16,5.6,337,Bogota
1692,11,female,36,155,15,5.1,283,Bogota
1294,13,male,36,161,14,5.9,318,Bogota
124,13,male,37,146,17,5.19,305,Bogota
747,14,male,37,150,16,5.56,318,Bogota
338,14,male,37,152,16,5.41,330,Bogota
755,13,male,37,153,16,5.43,308,Bogota
735,13,male,37,154,16,5.00,250,Bogota
149,12,male,37,155,15,5.13,300,Bogota
1448,12,male,37,157,15,4.9,330,Bogota
525,12,female,38,144,18,5.95,350,Bogota
1416,14,male,38,152,16,5.1,210,Bogota
547,13,female,38,154,16,6.85,235,Bogota
210,14,male,39,150,17,4.76,337,Bogota
154,12,female,39,150,17,5.13,245,Bogota
1734,11,female,39,150,17,5.1,245,Bogota
1519,13,female,39,156,16,5.2,230,Bogota
664,13,male,40,148,18,6.49,350,Bogota
1715,13,male,40,153,17,5.1,267,Bogota
640,13,male,40,155,17,6.1,310,Bogota
1344,13,female,41,150,18,5.00,220,Bogota
1400,12,male,41,150,18,4.8,275,Bogota
1262,12,female,41,152,18,4.9,289,Bogota
1492,13,female,41,155,17,4.9,198,Bogota
1503,13,female,41,155,17,4.7,297,Bogota
1267,12,female,41,156,17,5.1,254,Bogota
1413,14,male,41,166,15,5.8,335,Bogota
274,15,female,42,151,18,5.68,307,Bogota
914,15,female,42,155,17,5.21,215,Bogota
1150,14,female,42,157,17,5.3,235,Bogota
1459,12,male,42,160,16,5.9,370,Bogota
1500,13,female,42,165,16,5.2,356,Bogota
1184,15,female,43,150,19,5.00,276,Bogota
766,15,male,43,155,18,5.26,308,Bogota
1251,14,male,43,155,18,6.00,331,Bogota
672,13,male,43,155,18,6.41,395,Bogota
360,12,female,43,155,18,5.1,196,Bogota
1532,13,female,43,159,17,4.9,320,Bogota
1314,12,female,43,159,17,5.2,280,Bogota
48,13,female,43,160,17,4.24,256,Bogota
1225,14,female,43,162,16,5.2,342,Bogota
299,14,male,43,163,16,5.41,364,Bogota
1060,13,female,43,165,16,5.4,224,Bogota
590,13,male,43,168,15,5.97,340,Bogota
28,12,female,44,155,18,5.21,214,Bogota
1038,13,female,44,156,18,5.6,280,Bogota
42,12,male,44,157,18,4.72,200,Bogota
1104,14,male,44,160,17,5.9,365,Bogota
334,14,male,44,161,17,05.06,254,Bogota
1639,15,female,44,162,17,5.0,230,Bogota
734,13,female,45,146,21,4.00,200,Bogota
1323,12,female,45,152,19,5.4,260,Bogota
91,13,male,45,155,19,4.55,260,Bogota
1540,13,female,45,155,19,5.0,260,Bogota
706,13,female,45,157,18,5.1,265,Bogota
554,14,female,45,158,18,5.1,320,Bogota
1791,14,male,45,162,17,6.1,484,Bogota
1550,13,female,45,163,17,5.8,325,Bogota
1399,13,male,45,165,17,5.4,310,Bogota
1782,16,female,46,150,20,4.8,280,Bogota
1660,15,female,46,150,20,4.6,180,Bogota
1486,14,male,46,155,19,4.9,265,Bogota
568,13,female,46,155,19,5.81,235,Bogota
92,12,male,46,155,19,4.85,283,Bogota
238,14,female,46,156,19,4.44,238,Bogota
1471,12,male,46,156,19,4.7,210,Bogota
1021,13,male,46,157,19,5.7,303,Bogota
1843,14,female,46,159,18,3.7,226,Bogota
1579,15,female,46,160,18,5.5,342,Bogota
674,13,male,46,160,18,6.17,290,Bogota
1160,16,female,46,164,17,5.1,284,Bogota
902,16,female,47,153,20,4.81,240,Bogota
1780,16,female,47,154,20,4.8,256,Bogota
849,15,female,47,155,20,4.85,260,Bogota
1762,11,male,47,155,20,5.1,334,Bogota
1643,16,female,47,157,19,5.5,210,Bogota
1563,13,female,47,159,19,4.9,269,Bogota
494,13,male,47,162,18,5.75,340,Bogota
138,13,male,48,152,21,4.49,300,Bogota
346,14,female,48,153,21,5.38,264,Bogota
1683,11,female,48,156,20,4.4,196,Bogota
130,17,male,48,157,19,6.25,377,Bogota
119,12,male,48,160,19,5.56,370,Bogota
1004,19,female,48,162,18,4.85,260,Bogota
1370,13,female,48,166,17,6.0,352,Bogota
1224,14,female,48,168,17,4.3,270,Bogota
168,15,male,48,170,17,5.41,352,Bogota
1338,15,male,48,171,17,6.3,402,Bogota
651,15,male,48,174,16,6.33,364,Bogota
1468,13,female,49,150,22,5.2,190,Bogota
1758,11,male,49,155,20,4.8,322,Bogota
1742,13,male,49,156,20,5.2,344,Bogota
750,14,female,49,157,20,5.49,198,Bogota
681,15,female,49,160,19,5.00,200,Bogota
943,14,male,49,160,19,5.43,300,Bogota
912,17,male,49,175,16,6.58,502,Bogota
1305,12,male,50,158,20,5.3,329,Bogota
663,13,female,50,164,19,5.38,225,Bogota
1530,13,female,50,166,18,5.3,230,Bogota
1092,13,female,50,167,18,4.8,204,Bogota
1622,14,male,50,175,16,6.0,330,Bogota
1797,13,female,51,160,20,5.4,333,Bogota
1025,17,male,51,167,18,6.00,374,Bogota
1485,15,male,51,175,17,5.5,390,Bogota
22,12,male,52,150,23,4.9,240,Bogota
1193,16,female,52,155,22,4.9,295,Bogota
753,15,female,52,157,21,05.05,214,Bogota
623,13,male,52,161,20,5.36,200,Bogota
718,14,male,52,165,19,6.33,431,Bogota
900,15,female,52,170,18,5.32,175,Bogota
1283,13,male,52,170,18,5.3,338,Bogota
655,14,female,52,172,18,4.59,280,Bogota
799,16,male,52,175,17,5.43,420,Bogota
436,14,male,52,175,17,6.1,370,Bogota
997,15,female,53,160,21,4.63,210,Bogota
1108,15,male,53,171,18,6.4,400,Bogota
848,14,female,54,146,25,5.21,270,Bogota
249,16,male,54,167,19,6.92,453,Bogota
684,14,female,54,170,19,5.15,214,Bogota
1228,17,male,54,174,18,7.2,480,Bogota
909,18,male,54,182,16,07.04,490,Bogota
1291,12,female,55,160,21,5.2,215,Bogota
791,14,female,55,163,21,4.81,260,Bogota
1200,17,male,55,170,19,6.4,415,Bogota
399,15,female,56,154,24,3.92,220,Bogota
1278,12,female,56,156,23,4.7,238,Bogota
918,16,female,56,158,22,4.72,220,Bogota
1593,14,female,56,170,19,5.0,348,Bogota
343,14,male,56,175,18,5.56,348,Bogota
1142,14,female,57,162,22,4.7,250,Bogota
742,15,male,57,163,21,6.85,417,Bogota
1151,14,female,57,165,21,5.1,196,Bogota
286,17,male,57,170,20,6.25,390,Bogota
1814,17,male,57,170,20,6.3,390,Bogota
875,14,female,58,161,22,4.85,190,Bogota
1022,14,female,58,162,22,4.3,221,Bogota
1655,15,female,58,166,21,4.5,180,Bogota
817,14,female,58,169,20,4.85,190,Bogota
1585,15,male,58,175,19,6.6,480,Bogota
1274,12,male,59,154,25,4.5,270,Bogota
990,16,male,59,175,19,06.02,360,Bogota
315,16,female,60,160,23,5.00,292,Bogota
821,15,female,60,166,22,4.35,200,Bogota
318,16,male,60,176,19,5.33,440,Bogota
157,12,female,61,162,23,4.71,258,Bogota
1626,18,male,61,182,18,6.0,470,Bogota
1148,15,female,62,158,25,4.8,210,Bogota
1820,14,female,63,160,25,4.7,215,Bogota
222,15,female,63,163,24,05.06,315,Bogota
780,14,male,63,175,21,7.14,480,Bogota
161,16,female,64,157,26,4.44,185,Bogota
811,14,male,64,175,21,5.95,310,Bogota
899,14,female,65,165,24,4.72,170,Bogota
808,14,male,68,175,22,5.32,330,Bogota
1524,13,female,71,167,25,4.6,230,Bogota
370,15,male,73,169,26,5.21,300,Bogota
825,14,female,75,167,27,4.67,212,Bogota
1809,16,male,78,175,25,5.7,375,Bogota
688,14,male,123,153,19,5.88,336,Bogota
1713,11,male,40.5,143,20,5.2,288,Bogota
1610,17,female,56.7,168,20,5.6,283,Bogota
19,122,male,30,145,14,4.9,216,Cairo
143,13,male,35,145,17,4.71,266,Cairo
1621,14,female,36,155,15,4.8,230,Cairo
1493,13,male,36,155,15,5.8,377,Cairo
1165,14,male,38,155,16,5.9,352,Cairo
557,13,male,38,155,16,5.32,255,Cairo
514,13,male,39,150,17,5.21,243,Cairo
698,13,male,39,155,16,4.95,345,Cairo
654,14,male,39,165,14,6.1,360,Cairo
1082,13,male,40,155,17,5.3,314,Cairo
578,13,female,41,148,19,4.9,258,Cairo
190,13,female,41,153,18,4.82,230,Cairo
1144,14,male,41,161,16,5.8,370,Cairo
1175,14,female,42,150,19,5.1,210,Cairo
141,13,male,42,156,17,5.88,335,Cairo
1066,13,female,42,168,15,5.00,248,Cairo
1668,11,female,43,148,20,4.6,202,Cairo
1494,13,male,43,155,18,5.2,360,Cairo
56,12,female,43,155,18,4.9,220,Cairo
493,13,male,43,156,18,5.68,320,Cairo
422,12,male,43,156,18,5.63,346,Cairo
1,13,female,43,160,17,4.9,189,Cairo
1062,13,male,43,160,17,5.4,374,Cairo
783,13,male,43,162,16,5.81,350,Cairo
749,14,male,43,165,16,5.56,280,Cairo
1005,14,female,44,162,17,4.72,180,Cairo
1456,13,female,45,158,18,5.5,180,Cairo
248,16,female,45,160,18,4.85,280,Cairo
308,14,female,45,162,17,5.13,295,Cairo
1647,15,male,45,163,17,7.2,444,Cairo
1421,13,female,46,156,19,4.6,223,Cairo
275,14,female,46,160,18,5.75,330,Cairo
1582,14,male,46,160,18,5.3,325,Cairo
1081,13,female,46,166,17,4.6,203,Cairo
1710,12,male,47,153,20,,288,Cairo
218,17,female,47,154,20,4.82,256,Cairo
1307,12,female,47,157,19,5.5,262,Cairo
1226,15,male,47,170,16,6.4,495,Cairo
1697,12,male,48,155,20,5.3,326,Cairo
1818,14,male,48,156,20,5.5,370,Cairo
230,14,female,48,165,18,4.82,220,Cairo
1790,13,female,48,165,18,4.8,218,Cairo
1244,18,male,48,170,17,6.4,400,Cairo
1831,13,female,48,171,16,4.9,260,Cairo
586,13,female,48,174,16,4.94,185,Cairo
204,14,female,49,155,20,4.6,206,Cairo
929,14,female,49,157,20,4.35,243,Cairo
1233,15,male,49,162,19,6.8,410,Cairo
1630,14,male,49,162,19,5.8,390,Cairo
652,14,male,49,164,18,6.94,400,Cairo
915,16,female,49,165,18,4.81,250,Cairo
1094,15,female,49,165,18,5.1,242,Cairo
813,14,female,50,150,22,5.15,250,Cairo
1295,13,male,50,151,22,4.8,268,Cairo
1311,12,female,50,152,22,5.6,310,Cairo
1396,14,female,50,163,19,5.2,168,Cairo
1743,13,male,50,165,18,5.9,356,Cairo
1466,14,male,50,167,18,6.0,310,Cairo
83,13,male,51,156,21,5.71,322,Cairo
991,16,female,51,160,20,4.95,250,Cairo
1347,13,female,51,164,19,4.5,261,Cairo
559,13,male,51,170,18,6.17,323,Cairo
908,18,male,51,172,17,6.58,456,Cairo
717,14,female,52,159,21,6.17,369,Cairo
325,16,female,52,160,20,4.76,305,Cairo
1663,11,female,52,160,20,4.7,259,Cairo
1717,11,male,52,163,20,4.3,257,Cairo
872,15,male,52,170,18,6.58,480,Cairo
394,14,male,52,170,18,6.15,408,Cairo
1018,16,male,52,172,18,5.88,450,Cairo
838,14,male,53,152,23,5.68,360,Cairo
1325,18,female,53,154,22,4.9,280,Cairo
1376,12,female,53,155,22,4.6,212,Cairo
882,15,female,53,160,21,4.67,220,Cairo
1703,11,male,53,160,21,5.1,230,Cairo
1206,14,female,53,163,20,5.00,230,Cairo
873,15,male,53,167,19,5.75,426,Cairo
949,16,male,53,175,17,6.58,475,Cairo
1740,15,male,53,175,17,6.0,423,Cairo
1392,13,female,54,150,24,5.1,210,Cairo
976,15,female,54,158,22,5.26,330,Cairo
1812,16,male,54,167,19,6.7,500,Cairo
1443,16,male,54,172,18,6.0,380,Cairo
341,14,male,54,173,18,5.26,344,Cairo
1031,112,male,54,175,18,5.4,350,Cairo
719,14,male,55,147,25,5.00,340,Cairo
1401,12,female,55,162,21,5.3,210,Cairo
917,16,female,55,163,21,4.67,208,Cairo
1723,13,male,55,165,20,5.7,375,Cairo
160,16,male,55,175,18,5.26,360,Cairo
1189,18,male,56,168,20,5.7,370,Cairo
952,15,female,56,175,18,5.15,335,Cairo
1612,17,male,56,179,17,6.1,410,Cairo
771,14,female,57,150,25,5.15,235,Cairo
660,13,female,57,160,22,5.62,217,Cairo
712,15,male,57,170,20,06.02,389,Cairo
913,17,male,57,173,19,6.41,480,Cairo
39,13,male,57,1156,23,5.32,340,Cairo
1046,16,male,58,164,22,6.00,397,Cairo
1613,15,male,58,171,20,6.3,424,Cairo
1390,14,male,59,165,22,6.3,395,Cairo
326,15,male,59,175,19,5.88,440,Cairo
1841,14,male,59,175,19,5.9,440,Cairo
940,16,male,59,190,16,6.67,440,Cairo
892,14,female,60,166,22,4.85,260,Cairo
959,15,male,61,179,19,6.1,340,Cairo
911,17,male,61,185,18,6.41,501,Cairo
287,15,female,62,160,24,4.65,174,Cairo
569,13,female,63,159,25,5.21,268,Cairo
292,15,female,63,160,25,4.71,215,Cairo
1107,15,female,63,162,24,4.7,172,Cairo
933,14,female,63,167,23,4.55,206,Cairo
954,15,female,65,160,25,5.21,295,Cairo
919,15,male,65,169,23,5.81,316,Cairo
834,14,female,65,173,22,4.81,254,Cairo
216,19,male,65,180,20,6.35,500,Cairo
728,13,female,66,161,25,3.65,187,Cairo
322,15,female,66,164,25,4.1,160,Cairo
1614,16,male,67,183,20,7.2,560,Cairo
716,14,female,68,165,25,4.95,229,Cairo
1836,17,male,73,177,23,6.2,493,Cairo
961,15,female,74,174,24,5.49,255,Cairo
1334,15,male,94,190,26,4.8,239,Cairo
418,12,female,322,137,17,5.15,170,Cairo
1478,12,male,30,135,16,4.5,238,Caracas
1023,13,male,31,145,15,5.1,297,Caracas
377,12,male,31,145,15,4.49,292,Caracas
1750,13,female,31,146,15,4.9,292,Caracas
1293,12,male,31,149,14,4.3,252,Caracas
815,14,male,32,145,15,5.21,350,Caracas
385,13,female,32,145,15,4.94,230,Caracas
1808,13,male,32,150,14,5.5,260,Caracas
420,12,female,32,152,14,4.39,160,Caracas
763,13,female,32,155,13,4.59,202,Caracas
189,12,male,34,150,15,5.62,314,Caracas
1678,11,male,35,146,16,5.6,353,Caracas
726,13,female,35,147,16,4.39,225,Caracas
181,12,male,35,150,16,5.41,329,Caracas
5,12,male,36,146,17,5.32,308,Caracas
192,12,female,36,150,16,5.26,198,Caracas
1422,12,male,36,150,16,5.3,290,Caracas
1707,11,male,36,153,15,5.7,341,Caracas
474,13,male,36,155,15,5.88,350,Caracas
1257,12,female,36,156,15,4.4,207,Caracas
144,12,male,37,147,17,5.00,315,Caracas
404,12,female,37,150,16,4.35,170,Caracas
378,13,male,37,152,16,5.97,360,Caracas
342,15,male,37,155,15,5.8,333,Caracas
32,14,male,37,155,15,5.81,330,Caracas
1608,14,male,37,155,15,6.0,354,Caracas
1522,13,male,37,156,15,5.5,320,Caracas
194,12,female,37,156,15,4.82,210,Caracas
63,13,female,38,145,18,4.55,266,Caracas
1385,13,female,38,145,18,4.6,185,Caracas
82,12,male,38,146,18,5.26,288,Caracas
1266,12,female,38,146,18,4.6,222,Caracas
966,14,female,38,150,611,4.85,170,Caracas
1554,13,male,38,150,17,5.7,401,Caracas
93,12,female,38,150,17,05.06,248,Caracas
127,12,female,38,150,17,5.26,260,Caracas
356,12,male,38,150,17,5.43,300,Caracas
1382,12,male,38,150,17,5.4,325,Caracas
1680,11,female,38,150,17,5.1,248,Caracas
1711,11,female,38,150,17,5.3,260,Caracas
44,12,male,38,151,17,5.00,339,Caracas
537,14,male,38,152,16,6.17,300,Caracas
1571,13,female,38,154,16,5.1,343,Caracas
1694,12,female,38,155,16,4.6,215,Caracas
1737,12,male,38,156,16,5.1,309,Caracas
1775,13,male,39,150,17,4.8,337,Caracas
364,13,female,39,156,16,5.43,344,Caracas
1531,13,female,39,156,16,5.1,195,Caracas
777,14,male,39,160,15,05.05,373,Caracas
1249,15,male,40,151,18,5.5,392,Caracas
1721,12,female,40,152,17,5.1,247,Caracas
1290,12,female,41,150,18,5.2,206,Caracas
1549,13,female,41,153,18,5.0,316,Caracas
1716,13,female,41,155,17,4.5,185,Caracas
510,13,male,41,161,16,06.02,287,Caracas
1436,13,male,42,150,19,4.8,230,Caracas
767,14,male,42,154,18,05.05,340,Caracas
1546,13,female,42,160,16,4.7,220,Caracas
426,12,male,42,163,16,4.85,250,Caracas
115,13,male,42,167,15,5.63,341,Caracas
1505,13,female,43,145,20,5.2,276,Caracas
762,13,female,43,148,20,4.81,202,Caracas
1277,12,female,43,151,19,5.7,202,Caracas
1012,15,male,43,155,18,6.41,400,Caracas
566,13,female,43,155,18,5.38,290,Caracas
360,12,female,43,155,18,5.1,196,Caracas
1411,13,female,43,156,18,5.1,200,Caracas
1603,13,male,43,157,17,5.8,370,Caracas
1116,13,male,43,159,17,5.1,351,Caracas
35,13,female,43,160,17,5.49,230,Caracas
48,13,female,43,160,17,4.24,256,Caracas
368,15,male,43,162,16,06.02,350,Caracas
690,14,male,43,162,16,6.67,425,Caracas
788,13,male,43,163,16,5.38,350,Caracas
1826,13,male,43,163,16,5.4,364,Caracas
751,13,male,43,166,16,5.56,340,Caracas
49,12,female,44,152,19,5.43,245,Caracas
1059,14,male,44,156,18,5.4,350,Caracas
602,13,female,44,160,17,5.43,195,Caracas
782,13,male,44,160,17,5.75,320,Caracas
1675,12,female,44,169,15,4.4,240,Caracas
120,12,male,45,152,19,5.71,354,Caracas
850,14,female,45,155,19,5.00,220,Caracas
1308,13,male,45,157,18,6.2,393,Caracas
562,13,female,45,160,18,5.49,320,Caracas
1835,13,female,45,162,17,5.1,295,Caracas
816,14,female,46,155,19,5.21,230,Caracas
692,14,male,46,159,18,06.02,394,Caracas
1255,13,male,46,164,17,5.7,329,Caracas
413,13,male,46,169,16,5.32,340,Caracas
126,13,male,47,153,20,5.56,288,Caracas
1044,14,male,47,155,19,5.4,362,Caracas
1496,14,male,47,155,20,6.5,510,Caracas
1508,13,female,47,155,20,4.5,200,Caracas
191,12,male,47,155,20,05.06,334,Caracas
1424,12,male,47,155,20,5.8,310,Caracas
1157,14,female,47,156,19,5.8,303,Caracas
1834,13,female,47,157,19,5.6,274,Caracas
1848,13,female,47,157,19,5.1,287,Caracas
1040,13,female,47,158,19,5.7,292,Caracas
1075,14,male,47,159,19,5.4,287,Caracas
1209,16,female,47,160,18,5.7,279,Caracas
527,13,female,47,161,18,5.95,262,Caracas
1188,15,female,47,165,17,5.3,320,Caracas
1714,16,male,47,176,15,5.2,290,Caracas
1391,14,female,47,355,20,4.6,250,Caracas
207,13,male,48,157,19,5.71,370,Caracas
737,16,male,48,172,16,6.58,393,Caracas
776,14,female,49,155,20,5.43,292,Caracas
1771,13,female,49,155,20,4.6,206,Caracas
1447,14,female,49,160,19,5.0,220,Caracas
964,15,female,49,161,19,5.1,240,Caracas
232,14,male,49,163,18,5.26,351,Caracas
1627,15,male,49,171,17,5.2,275,Caracas
1163,14,male,49,176,16,6.3,434,Caracas
1172,127,female,50,165,18,4.3,270,Caracas
1581,14,female,50,168,18,5.1,284,Caracas
70,13,male,51,157,21,5.75,326,Caracas
1788,14,female,51,160,20,4.4,226,Caracas
388,13,male,51,166,19,5.0,346,Caracas
1223,15,female,51,168,18,4.9,240,Caracas
1661,15,male,51,173,17,5.8,450,Caracas
486,12,female,52,151,23,5.81,350,Caracas
1766,12,female,52,163,20,4.9,237,Caracas
531,16,female,52,164,19,5.21,284,Caracas
1623,14,female,52,171,18,4.9,250,Caracas
820,15,male,52,172,18,06.02,400,Caracas
1030,16,male,52,177,17,6.7,460,Caracas
1506,16,male,53,160,21,4.8,313,Caracas
1777,14,male,53,164,20,5.6,390,Caracas
1161,15,male,53,171,18,5.9,350,Caracas
162,16,male,53,175,17,5.97,423,Caracas
1125,15,male,53,175,17,6.3,364,Caracas
1196,19,female,54,163,20,6.3,343,Caracas
1751,12,female,54,164,20,5.0,243,Caracas
994,16,male,54,168,19,6.85,410,Caracas
841,14,male,54,176,17,6.25,340,Caracas
1313,12,female,55,161,21,4.5,215,Caracas
1795,13,female,55,164,20,5.2,267,Caracas
1432,14,male,55,180,17,4.5,230,Caracas
431,15,male,56,176,18,5.81,410,Caracas
1441,14,female,57,161,22,5.4,210,Caracas
711,14,male,57,167,20,5.32,294,Caracas
1230,16,male,59,175,19,6.3,410,Caracas
939,17,male,61,180,19,6.58,480,Caracas
567,13,male,63,162,24,5.32,295,Caracas
1805,15,male,63,179,20,6.0,422,Caracas
461,15,female,65,160,25,4.88,200,Caracas
1779,18,male,65,180,20,6.3,500,Caracas
1607,17,male,66,182,20,6.3,441,Caracas
1303,12,female,73,163,27,5.2,280,Caracas
1384,12,female,244,155,18,4.9,235,Caracas
ID,Age_Y,Gender,Weight_Kg,Height_cm,BMI,Speed_m/s,Jump _distance_cm,Region
13,13,female,44,160,17,5.43,235,Riga
1435,13,male,44,165,16,5.8,420,Riga
85,13,female,44,169,15,4.44,240,Riga
375,13,female,45,156,18,5.19,246,Riga
1551,13,female,45,165,17,5.0,280,Riga
1654,16,female,46,167,16,5.2,260,Riga
725,13,male,48,168,17,5.81,330,Riga
695,13,female,48,170,17,5.49,300,Riga
225,15,male,48,176,15,5.71,354,Riga
1786,14,male,48,176,15,5.7,354,Riga
1570,13,male,49,145,23,5.5,337,Riga
45,12,male,49,145,23,4.9,260,Riga
790,13,female,49,150,22,5.43,170,Riga
1288,13,female,49,153,21,5.00,240,Riga
1806,13,female,49,153,21,4.7,195,Riga
710,16,male,49,167,18,06.02,400,Riga
1624,15,male,49,172,17,5.9,380,Riga
1366,15,female,50,154,21,5.6,244,Riga
986,18,female,50,155,21,06.02,300,Riga
1173,14,female,50,155,21,4.3,180,Riga
372,13,male,50,155,21,5.1,350,Riga
462,14,male,50,160,20,5.71,340,Riga
831,14,male,50,160,20,5.75,347,Riga
843,14,male,50,160,20,5.81,270,Riga
857,14,female,50,160,20,5.26,360,Riga
1517,13,male,50,161,19,5.7,310,Riga
453,12,female,50,161,19,4.6,180,Riga
1460,16,male,50,162,19,5.8,230,Riga
852,15,female,50,162,19,4.17,170,Riga
265,14,female,50,162,19,5.15,263,Riga
1051,14,female,50,162,19,5.4,215,Riga
1513,14,female,50,162,19,4.5,198,Riga
1318,13,female,50,162,19,5.4,200,Riga
296,15,male,50,172,17,6.15,445,Riga
1823,15,male,50,172,17,6.2,445,Riga
1533,14,female,52,165,19,5.2,260,Riga
1650,17,female,52,167,19,6.1,240,Riga
1510,13,male,52,175,17,5.2,322,Riga
581,16,male,52,184,15,6.41,465,Riga
236,14,female,53,165,19,5.26,241,Riga
898,14,female,53,165,19,5.15,370,Riga
284,17,male,54,167,19,6.67,500,Riga
553,13,male,54,168,19,6.1,340,Riga
696,13,male,54,168,19,5.95,319,Riga
1297,12,female,54,168,19,4.4,242,Riga
483,12,female,55,151,24,4.76,220,Riga
1558,13,female,55,155,23,5.1,249,Riga
558,15,female,55,160,21,4.76,160,Riga
242,14,female,55,160,21,5.19,292,Riga
305,14,female,55,160,21,5.00,225,Riga
865,14,female,55,160,21,5.62,270,Riga
635,13,female,55,160,21,5.62,277,Riga
1557,13,female,55,160,21,5.5,356,Riga
142,14,male,55,165,20,5.71,375,Riga
1301,12,female,55,168,19,5.4,326,Riga
1822,16,male,55,172,19,6.6,490,Riga
463,14,female,56,161,22,4.65,255,Riga
977,17,female,56,162,21,5.38,280,Riga
1426,13,female,56,162,21,4.6,160,Riga
1273,12,female,56,163,21,4.8,212,Riga
679,15,female,56,165,21,5.15,213,Riga
1409,13,male,56,175,18,6.1,340,Riga
330,15,male,56,180,17,6.67,413,Riga
1242,16,male,57,181,17,6.5,415,Riga
201,15,male,58,165,21,5.56,337,Riga
893,15,female,58,165,21,5.38,210,Riga
999,15,female,58,165,21,5.81,220,Riga
1217,15,female,58,170,20,5.3,270,Riga
1429,15,male,58,170,20,6.6,303,Riga
1240,16,male,58,181,18,6.4,431,Riga
259,15,male,59,170,20,6.41,340,Riga
1341,15,male,59,170,20,6.2,389,Riga
754,17,male,59,180,18,5.8,433,Riga
970,17,male,59,180,18,6.85,465,Riga
870,15,male,59,180,18,5.88,280,Riga
803,15,male,59,181,18,6.67,460,Riga
541,14,female,60,162,23,5.68,260,Riga
610,13,female,60,164,22,4.89,240,Riga
1428,15,male,60,165,22,5.7,406,Riga
401,12,female,60,165,22,4.71,270,Riga
393,14,male,60,170,21,5.41,305,Riga
1185,15,male,60,178,19,5.5,383,Riga
1573,14,male,60,178,19,6.3,347,Riga
752,16,male,60,180,19,5.43,330,Riga
1231,15,male,60,180,19,7.2,507,Riga
1280,13,female,61,175,20,5.1,271,Riga
1789,14,female,64,170,22,5.3,300,Riga
1645,15,male,65,184,19,6.1,430,Riga
545,13,female,66,166,24,5.32,162,Riga
367,15,male,66,170,23,6.33,330,Riga
676,18,male,66,174,22,7.25,460,Riga
1109,14,male,66,175,22,5.8,373,Riga
921,16,female,67,166,24,4.67,210,Riga
985,16,male,67,170,23,6.67,390,Riga
597,13,female,67,170,23,4.9,263,Riga
245,14,male,67,172,23,5.63,360,Riga
1015,16,male,67,180,21,6.92,460,Riga
1810,16,male,67,180,21,6.5,526,Riga
934,14,female,72,170,25,4.24,206,Riga
846,14,female,73,175,24,5.00,196,Riga
1192,16,male,75,181,23,6.4,453,Riga
1117,13,female,76,161,29,5.4,222,Riga
314,17,male,76,184,22,6.45,474,Riga
1839,16,male,76,184,22,6.5,474,Riga
113,13,female,77,165,28,3.81,160,Riga
1828,13,female,78,158,31,5.2,214,Riga
621,13,male,78,160,30,4.86,200,Riga
599,13,female,79,165,29,5.43,260,Riga
1807,13,male,80,165,29,4.3,281,Riga
1538,14,male,80,170,28,5.4,380,Riga
1140,14,female,90,180,28,6.4,258,Riga
1285,12,male,33.4,144,16,4.5,177,Riga
100,12,female,37.5,153,16,5.26,354,Riga
1687,11,female,37.5,153,16,5.3,354,Riga
84,12,male,38.5,150,17,05.06,265,Riga
1017,16,male,50.5,180,16,6.67,480,Riga
352,13,male,26,145,12,5.62,308,Cairo
30,12,male,27,144,13,05.05,173,Caracas
183,12,male,28,135,15,5.48,357,Bogota
24,12,male,28,143,14,5.1,328,Cairo
12,12,male,28,145,13,5.75,380,Riga
1298,12,female,28,147,13,5.2,213,Riga
1404,12,female,28,150,12,4.8,176,Riga
80,12,female,29,139,15,4.76,295,Riga
1670,11,female,29,139,15,4.8,295,Caracas
475,13,male,29,140,15,5.81,290,Bogota
1269,12,female,29,140,15,4.7,232,Cairo
46,12,male,29,142,14,4.67,347,Cairo
89,12,male,29,143,14,4.55,230,Caracas
1677,11,male,29,143,14,4.5,230,Bogota
109,12,female,29,153,12,4.3,271,Cairo
1696,11,female,29,153,12,4.3,271,Riga
122,12,male,30,138,16,5.00,181,Riga
362,12,male,30,143,15,5.88,254,Riga
1276,12,female,30,144,14,5.4,231,Riga
203,14,male,30,145,14,5.48,353,Caracas
1770,13,male,30,145,14,5.5,353,Bogota
423,12,male,30,146,14,5.75,267,Cairo
1272,13,female,30,147,14,5.6,309,Cairo
68,12,male,32,135,18,5.1,300,Caracas
1363,13,male,32,141,16,5.4,300,Bogota
94,12,male,32,143,16,5.26,234,Cairo
1681,11,male,32,143,16,5.3,234,Riga
1410,13,male,32,144,15,5.3,333,Riga
1419,12,male,32,145,15,5.3,230,Riga
1475,12,male,32,145,15,5.7,304,Riga
1559,13,female,32,147,15,4.5,221,Caracas
177,12,male,32,150,16,5.26,298,Bogota
1440,13,male,33,138,17,5.3,360,Cairo
1418,12,female,33,138,17,5.1,253,Cairo
520,12,male,33,142,16,5.88,290,Caracas
118,12,female,33,143,16,4.44,180,Bogota
1358,12,male,33,143,16,5.9,300,Cairo
1704,11,female,33,143,16,4.4,180,Riga
398,14,male,33,144,16,5.48,335,Riga
114,13,male,33,144,16,5.41,310,Riga
1700,12,male,33,144,16,5.4,370,Riga
1509,14,male,33,145,16,4.4,265,Caracas
509,13,male,33,145,16,4.9,263,Bogota
1501,12,male,33,145,16,4.9,337,Cairo
125,12,male,33,146,15,4.82,263,Cairo
355,12,female,33,146,15,4.95,180,Caracas
1709,11,male,33,146,15,4.8,263,Bogota
116,12,female,33,148,15,5.26,180,Cairo
121,12,male,33,148,15,4.88,210,Riga
1258,12,male,33,148,15,5.8,300,Riga
1702,11,male,33,148,15,5.3,180,Riga
1706,11,male,33,148,15,4.9,210,Riga
21,12,male,33,149,15,4.59,307,Caracas
74,12,female,33,150,15,4.65,250,Bogota
193,12,male,33,150,15,5.63,347,Cairo
491,12,male,33,150,15,5.43,205,Cairo
1664,11,female,33,150,15,4.7,250,Caracas
1764,11,male,33,150,15,5.6,347,Bogota
722,13,male,33,151,14,5.38,370,Cairo
524,12,female,33,151,14,4.59,180,Riga
387,13,male,33,154,14,5.0,260,Riga
478,13,male,33,155,14,5.56,330,Riga
1037,13,male,33,155,14,5.7,320,Riga
72,12,male,34,140,17,4.95,318,Caracas
552,13,male,34,143,17,5.1,250,Bogota
178,12,female,34,144,16,4.88,267,Cairo
1753,11,female,34,144,16,4.9,267,Cairo
450,13,male,34,145,16,5.97,260,Caracas
1319,13,female,34,145,16,5.7,283,Bogota
1504,13,male,34,145,16,5.3,311,Cairo
1362,12,female,34,145,16,4.7,200,Riga
1498,12,male,34,145,16,4.8,303,Riga
345,13,male,34,146,16,5.68,330,Riga
381,12,female,34,149,15,4.76,215,Riga
774,14,male,34,150,15,5.26,325,Caracas
901,14,male,34,150,15,4.46,285,Bogota
52,13,male,34,150,15,5.38,308,Cairo
1386,13,male,34,150,15,5.0,295,Cairo
16,12,female,34,150,15,4.72,235,Caracas
57,12,male,34,150,15,5.15,333,Bogota
1423,13,female,34,151,15,4.2,180,Cairo
1235,16,male,34,152,15,6.00,376,Riga
1279,12,female,34,152,15,6.00,180,Riga
1458,12,male,34,152,15,5.1,220,Riga
1088,13,female,34,153,15,5.1,293,Riga
1343,13,male,34,153,15,5.5,337,Caracas
588,13,male,34,154,14,5.49,252,Bogota
64,12,female,35,140,18,4.55,185,Cairo
195,12,male,35,140,18,6.25,384,Cairo
400,12,male,35,140,18,4.76,322,Caracas
419,12,male,35,142,17,5.81,344,Bogota
632,14,male,35,145,17,5.81,300,Cairo
930,14,male,35,145,17,05.05,350,Riga
1724,13,male,35,145,17,4.7,266,Riga
464,14,male,35,146,16,5.19,260,Riga
1367,14,male,35,146,16,5.2,340,Riga
90,12,male,35,146,16,5.56,353,Caracas
359,12,male,35,146,16,5.95,262,Bogota
1361,12,male,35,147,16,5.4,323,Cairo
137,13,female,35,148,16,05.06,196,Cairo
1719,12,female,35,148,16,5.1,196,Caracas
1090,13,female,35,149,16,4.8,317,Bogota
182,12,male,35,149,16,5.63,320,Cairo
417,13,male,35,150,16,5.62,330,Riga
633,13,male,35,150,16,6.17,348,Riga
20,12,female,35,150,16,4.72,194,Riga
25,12,male,35,150,16,5.43,273,Riga
103,12,female,35,150,16,4.94,262,Caracas
145,12,female,35,150,16,4.12,212,Bogota
470,12,male,35,150,16,5.56,315,Cairo
526,12,male,35,150,16,4.9,246,Cairo
1425,12,male,35,150,16,5.9,310,Caracas
1690,11,female,35,150,16,4.9,262,Bogota
1726,11,female,35,150,16,4.1,212,Cairo
1756,11,male,35,150,16,5.4,329,Riga
102,13,male,35,151,15,5.48,395,Riga
1689,12,male,35,151,15,5.5,395,Riga
1055,14,male,35,152,15,4.9,305,Riga
609,13,female,35,153,15,5.75,330,Caracas
469,12,female,35,153,15,6.25,190,Bogota
1326,12,male,35,153,15,5.5,256,Cairo
200,15,male,35,154,15,05.06,330,Cairo
379,13,male,35,154,15,5.63,404,Caracas
1371,13,male,35,154,15,5.4,365,Bogota
1438,13,male,35,155,15,4.7,250,Cairo
1281,12,male,35,155,15,5.5,253,Riga
1296,12,female,35,155,15,5.7,320,Riga
1074,15,female,35,158,14,5.2,288,Riga
405,13,male,35,158,14,05.06,284,Riga
410,13,male,35,159,14,5.81,280,Caracas
329,15,male,35,160,14,5.26,320,Bogota
1844,14,male,35,160,14,5.3,320,Cairo
1364,12,female,35,161,14,5.7,322,Cairo
300,15,female,36,145,17,4.59,211,Caracas
1827,14,female,36,145,17,4.6,211,Bogota
87,12,female,36,145,17,4.15,231,Cairo
1405,12,male,36,145,17,5.7,259,Riga
1300,12,female,36,146,17,5.1,267,Riga
27,12,male,36,146,177,5.62,294,Riga
612,13,female,36,147,17,5.26,300,Riga
630,13,male,36,149,16,6.1,310,Caracas
625,14,female,36,150,16,5.21,245,Bogota
11,12,male,36,150,16,5.15,290,Cairo
41,12,female,36,150,16,4.39,240,Cairo
1451,12,male,36,150,16,5.5,290,Caracas
1455,12,male,36,150,16,5.7,370,Bogota
1763,11,female,36,150,16,5.3,198,Cairo
1339,14,male,36,151,16,5.5,314,Riga
176,13,male,36,151,16,5.26,307,Riga
425,13,male,36,151,16,4.76,240,Riga
1349,14,male,36,152,16,5.5,325,Riga
1602,13,male,36,152,16,5.4,281,Caracas
1560,13,male,36,153,15,5.7,266,Bogota
123,12,male,36,153,15,5.71,341,Cairo
380,12,male,36,153,15,5.41,300,Cairo
105,12,female,36,155,15,05.06,283,Caracas
1457,12,female,36,155,15,4.8,290,Bogota
421,12,male,36,156,15,5.49,322,Cairo
1351,12,male,36,156,15,5.8,316,Riga
1049,14,female,36,157,15,5.1,270,Riga
153,12,female,36,157,15,4.55,240,Riga
1733,11,female,36,157,15,4.5,240,Riga
99,12,male,37,141,19,5.33,345,Caracas
1686,11,male,37,141,19,5.3,345,Bogota
746,14,male,37,145,18,4.72,268,Cairo
187,12,male,37,145,18,5.13,330,Cairo
197,12,male,37,145,18,5.41,318,Caracas
1759,11,male,37,145,18,5.1,330,Bogota
1767,11,male,37,145,18,5.4,318,Cairo
1041,13,male,37,146,17,5.4,331,Riga
1708,12,male,37,146,17,5.2,305,Riga
479,13,male,37,147,17,5.43,307,Riga
26,12,female,37,147,17,4.17,175,Riga
156,12,male,37,147,17,5.56,332,Caracas
1735,12,male,37,147,17,5.6,332,Bogota
1725,11,male,37,147,17,5.0,315,Cairo
529,14,male,37,148,17,5.88,315,Cairo
31,12,male,37,148,17,5.49,270,Caracas
67,12,female,37,148,17,4.72,279,Bogota
33,13,male,37,150,16,5.95,362,Cairo
112,13,male,37,150,16,05.06,300,Riga
1482,13,male,37,150,16,5.1,240,Riga
424,12,female,37,150,16,5.95,323,Riga
1698,12,male,37,150,16,5.1,300,Riga
1330,12,female,37,150,17,4.8,260,Caracas
1354,15,female,37,151,16,5.7,263,Bogota
403,12,female,37,151,16,5.26,240,Cairo
1112,14,female,37,152,16,5.00,220,Cairo
1056,14,male,37,153,16,5.8,333,Caracas
936,14,female,37,154,16,5.00,225,Bogota
1061,13,female,37,154,16,,296,Cairo
269,14,male,37,155,15,6.33,440,Riga
1850,14,male,37,155,15,5.8,333,Riga
350,13,female,37,155,15,05.05,213,Riga
585,13,male,37,155,15,5.95,347,Riga
629,13,female,37,155,15,4.95,185,Caracas
496,12,male,37,155,15,5.32,314,Bogota
1730,11,male,37,155,15,5.1,300,Cairo
1765,11,female,37,156,15,4.8,210,Cairo
1561,13,male,37,157,15,5.3,335,Caracas
1263,13,male,37,158,15,5.5,354,Bogota
29,12,male,37,159,15,5.49,310,Cairo
40,14,male,37,160,14,5.56,370,Riga
152,13,female,37,160,14,5.13,227,Riga
1732,12,female,37,160,14,5.1,227,Riga
824,14,male,37,168,13,5.81,400,Riga
1541,13,female,38,144,18,3.9,180,Caracas
480,13,male,38,145,18,06.02,345,Bogota
1446,13,male,38,145,18,4.7,220,Cairo
1470,12,male,38,145,18,5.1,319,Cairo
1275,12,male,38,146,18,5.5,231,Caracas
1672,12,male,38,146,18,5.3,288,Bogota
1353,13,female,38,152,16,5.5,264,Cairo
1289,12,male,38,154,16,6.00,366,Riga
198,16,male,38,155,16,5.33,3270,Riga
1407,15,female,38,155,16,4.2,185,Riga
205,14,male,38,155,16,4.72,340,Riga
365,14,male,38,155,16,6.1,296,Caracas
761,14,male,38,155,16,4.55,267,Bogota
1412,14,male,38,155,16,5.7,290,Cairo
107,13,female,38,155,16,4.63,215,Cairo
557,13,male,38,155,16,5.32,255,Caracas
573,13,female,38,155,16,5.95,270,Bogota
701,13,male,38,155,16,5.62,288,Cairo
1114,13,female,38,155,16,5.7,312,Riga
1511,13,male,38,155,16,5.0,302,Riga
1542,13,male,38,155,16,4.6,370,Riga
1568,13,male,38,155,16,5.6,347,Riga
1261,13,female,38,155,123,5.5,261,Caracas
1472,12,male,38,155,16,5.8,200,Bogota
1477,12,male,38,155,16,5.5,344,Cairo
1048,15,male,38,156,16,5.6,371,Cairo
550,13,male,38,156,16,6.41,380,Caracas
158,12,male,38,156,16,05.06,309,Bogota
513,13,male,38,157,15,5.43,320,Cairo
1085,13,female,38,157,15,4.6,195,Riga
555,13,male,38,158,15,5.88,340,Riga
1068,14,male,38,159,15,6.00,410,Riga
429,12,male,38,159,15,5.75,345,Riga
709,15,male,38,160,15,5.68,370,Caracas
339,14,male,38,160,15,5.41,385,Bogota
395,14,male,38,161,15,5.19,360,Cairo
441,14,male,39,135,21,4.76,298,Cairo
1256,12,male,39,138,20,5.7,4722,Caracas
667,13,male,39,140,20,4.95,320,Bogota
626,13,female,39,145,19,5.43,250,Cairo
447,12,female,39,145,19,5.26,180,Riga
451,12,female,39,145,19,6.25,180,Riga
455,12,female,39,145,19,4.76,285,Riga
148,12,female,39,146,18,4.88,320,Riga
1729,12,female,39,146,18,4.9,320,Caracas
1127,14,female,39,147,18,5.2,197,Bogota
499,15,male,39,150,17,5.75,327,Cairo
1002,14,female,39,150,17,5.32,220,Cairo
605,13,female,39,150,17,4.59,250,Caracas
670,13,male,39,150,17,5.21,286,Bogota
1036,13,male,39,150,17,6.00,391,Cairo
1377,13,female,39,150,17,4.6,235,Riga
1514,13,male,39,150,17,5.6,368,Riga
34,12,male,39,150,17,5.26,270,Riga
54,12,male,39,150,17,5.32,298,Riga
151,12,female,39,150,17,5.26,283,Caracas
1731,11,female,39,150,17,5.3,283,Bogota
732,13,male,39,153,17,6.1,387,Cairo
775,15,male,39,154,16,4.9,320,Cairo
435,14,female,39,154,16,5.68,237,Caracas
481,12,male,39,154,16,5.26,306,Bogota
438,14,female,39,155,16,4.72,280,Cairo
1368,14,female,39,155,16,5.3,266,Riga
615,13,male,39,155,16,5.85,360,Riga
759,13,male,39,155,16,5.49,345,Riga
472,12,female,39,155,16,5.26,215,Riga
517,12,female,39,156,16,5.26,253,Caracas
263,15,female,39,157,16,4.76,260,Bogota
363,12,male,39,157,16,5.95,375,Cairo
172,12,male,39,158,16,5.56,355,Cairo
1749,12,male,39,158,16,5.6,355,Caracas
592,13,female,39,159,15,5.27,290,Bogota
593,13,female,39,159,15,6.17,360,Cairo
1321,13,female,39,159,15,5.00,178,Riga
209,15,male,39,160,15,4.76,287,Riga
1774,14,male,39,160,15,4.8,287,Riga
476,13,male,39,160,15,5.21,246,Riga
1442,12,male,39,160,15,5.9,350,Caracas
492,13,male,39,161,15,6.17,347,Bogota
1352,13,female,39,161,15,5.3,205,Cairo
61,12,female,40,145,19,4.9,179,Cairo
1360,12,male,40,146,19,5.6,313,Caracas
1556,14,female,40,148,536,4.7,293,Bogota
188,12,female,40,148,18,05.06,260,Cairo
1760,11,female,40,148,18,5.1,260,Riga
206,14,male,40,150,18,5.00,305,Riga
888,14,female,40,150,18,4.67,200,Riga
97,12,male,40,150,18,5.26,339,Riga
1684,12,male,40,150,18,5.3,339,Caracas
1190,17,male,40,151,18,5.7,375,Bogota
1299,12,female,40,151,18,5.3,203,Cairo
140,13,female,40,152,17,05.06,247,Cairo
133,14,male,40,153,17,05.06,267,Caracas
234,14,male,40,153,17,4.94,310,Bogota
1794,13,male,40,153,17,4.9,306,Cairo
386,12,male,40,153,17,5.13,230,Riga
1020,16,female,40,154,17,5.2,307,Riga
349,13,male,40,154,17,5.81,330,Riga
415,13,female,40,154,17,5.43,260,Riga
81,12,female,40,154,17,4.6,223,Caracas
1671,11,female,40,154,17,4.6,223,Bogota
261,15,male,40,155,17,5.49,342,Cairo
1336,15,male,40,155,17,5.7,317,Cairo
748,14,male,40,155,17,5.43,358,Caracas
823,14,male,40,155,17,5.75,330,Bogota
1393,14,male,40,155,17,4.9,298,Cairo
443,13,male,40,155,17,5.56,300,Riga
1372,13,male,40,155,17,5.4,382,Riga
95,12,female,40,155,17,4.71,261,Riga
150,12,female,40,155,17,5.00,230,Riga
1682,11,female,40,155,17,4.7,261,Caracas
1078,14,male,40,156,16,5.9,320,Bogota
402,13,male,40,156,16,5.19,354,Cairo
523,13,male,40,156,16,4.78,216,Cairo
611,13,male,40,156,16,5.81,300,Caracas
1087,13,female,40,156,16,5.3,283,Bogota
1444,13,female,40,156,16,5.0,300,Cairo
185,12,male,40,156,16,05.06,283,Riga
877,14,male,40,157,16,4.76,360,Riga
1033,14,female,40,157,16,4.8,272,Riga
757,13,male,40,157,16,05.05,360,Riga
836,14,female,40,158,16,5.15,210,Caracas
638,13,male,40,158,16,06.02,305,Bogota
702,13,female,40,158,16,05.05,235,Cairo
1067,13,male,40,158,16,5.6,342,Cairo
1089,13,male,40,158,16,6.00,387,Caracas
51,12,female,40,158,16,5.32,208,Bogota
1320,13,female,40,159,16,4.7,177,Cairo
922,15,male,40,160,16,5.81,322,Riga
1465,15,male,40,160,16,5.2,360,Riga
240,14,male,40,160,16,5.41,330,Riga
1516,13,female,40,160,16,4.8,264,Riga
1327,13,female,40,161,15,5.2,214,Caracas
1539,13,male,40,162,15,5.1,240,Bogota
765,13,female,40,163,15,5.00,320,Cairo
833,14,male,40,164,15,5.1,340,Cairo
924,14,male,40,165,15,5.62,290,Caracas
682,15,male,41,145,20,6.1,340,Bogota
147,12,male,41,149,18,05.06,330,Cairo
1728,11,male,41,149,18,5.1,330,Riga
886,14,female,41,150,18,4.5,220,Riga
361,12,female,41,150,18,5.15,206,Riga
1415,12,female,41,150,18,5.2,190,Riga
3,12,male,41,151,18,5.95,316,Caracas
10,12,female,41,151,18,4.9,226,Bogota
1761,12,female,41,153,18,4.8,230,Cairo
489,12,female,41,154,17,5.81,285,Cairo
1001,15,female,41,155,17,4.85,180,Caracas
134,14,female,41,155,17,4.49,185,Bogota
1105,14,male,41,155,17,6.2,347,Cairo
47,13,male,41,155,17,5.43,345,Riga
171,13,female,41,155,17,4.71,249,Riga
446,13,male,41,155,17,4.88,365,Riga
43,12,male,41,155,17,5.43,357,Riga
485,12,female,41,155,17,5.00,205,Caracas
1748,12,female,41,155,17,4.7,249,Bogota
1657,14,male,41,156,17,6.8,380,Cairo
1250,15,male,41,157,17,6.2,369,Cairo
354,13,male,41,157,17,6.25,332,Caracas
1345,14,male,41,158,16,6.2,416,Bogota
1553,14,male,41,158,16,5.8,310,Cairo
1324,13,female,41,159,16,5.2,190,Riga
956,15,male,41,160,16,5.95,360,Riga
1417,15,male,41,160,16,4.6,315,Riga
819,14,female,41,160,16,5.43,230,Riga
894,14,male,41,160,16,5.68,410,Caracas
967,14,male,41,160,16,5.75,350,Bogota
18,13,female,41,160,16,5.26,224,Cairo
471,13,male,41,160,16,5.26,380,Cairo
519,13,female,41,160,16,05.05,260,Caracas
574,13,male,41,160,16,5.75,365,Bogota
1065,13,female,41,160,16,5.5,199,Cairo
23,12,male,41,160,16,5.43,333,Riga
540,14,male,41,161,16,5.43,323,Riga
1618,15,male,41,165,15,6.3,425,Riga
7,12,male,41,172,14,5.26,294,Riga
351,12,male,42,140,21,4.72,222,Caracas
50,12,female,42,145,20,4.55,296,Bogota
1387,12,female,42,145,20,4.0,182,Cairo
155,12,male,42,147,19,5.33,310,Cairo
1515,12,male,42,147,19,5.0,295,Caracas
1635,15,female,42,148,19,6.2,363,Bogota
1309,12,female,42,148,19,4.8,200,Cairo
1057,14,male,42,150,19,5.4,345,Riga
561,13,female,42,150,19,5.38,225,Riga
180,12,female,42,150,19,4.82,216,Riga
1755,11,female,42,150,19,4.8,216,Riga
302,14,female,42,155,17,4.94,270,Caracas
866,14,female,42,155,17,5.15,280,Bogota
1395,14,female,42,155,17,5.0,210,Cairo
1597,14,male,42,155,17,5.0,305,Cairo
357,13,male,42,155,17,05.05,207,Caracas
665,13,female,42,155,17,4.81,285,Bogota
1467,13,female,42,155,17,4.9,190,Cairo
1829,13,female,42,155,17,4.9,270,Riga
1084,13,female,42,155,18,5.00,241,Riga
88,12,female,42,155,17,4.76,280,Riga
1268,12,female,42,155,17,4.4,294,Riga
1379,12,male,42,155,17,4.6,325,Caracas
1380,12,female,42,155,17,4.9,290,Bogota
1474,12,male,42,155,18,5.0,300,Cairo
1676,11,female,42,155,17,4.8,280,Cairo
768,14,female,42,156,17,4.9,244,Caracas
1722,12,male,42,156,17,5.9,335,Bogota
792,13,male,42,157,17,6.76,390,Cairo
707,13,female,42,158,17,4.85,319,Riga
720,15,male,42,159,17,5.43,371,Riga
1651,16,female,42,160,16,5.0,210,Riga
856,14,female,42,160,16,5.26,270,Riga
863,14,female,42,160,16,05.05,270,Caracas
926,14,male,42,160,16,5.56,257,Bogota
487,13,female,42,160,16,5.62,260,Cairo
382,12,male,42,160,16,5.8,386,Cairo
1483,12,female,42,160,16,4.5,221,Caracas
657,14,male,42,161,16,6.1,367,Bogota
1135,15,male,42,162,16,5.6,325,Cairo
829,14,female,42,163,16,5.15,207,Riga
859,14,male,42,163,16,5.26,344,Riga
694,14,female,42,164,16,4.81,249,Riga
916,15,male,42,165,15,06.02,352,Riga
619,14,female,42,165,15,4.5,230,Caracas
601,13,male,42,165,15,5.84,330,Bogota
104,12,female,42,166,15,4.76,236,Cairo
1691,11,female,42,166,15,4.8,236,Cairo
1701,12,male,42,167,15,5.6,341,Caracas
1462,17,female,42,170,15,4.9,250,Bogota
639,14,female,42,170,15,5.43,250,Cairo
895,14,male,42,170,15,5.21,335,Riga
1430,15,female,43,141,22,5.7,270,Riga
78,12,female,43,148,20,4.6,202,Riga
1453,12,female,43,150,19,4.9,170,Riga
71,12,female,43,151,19,4.13,171,Caracas
427,12,female,43,151,19,4.76,250,Bogota
528,12,female,43,151,19,6.1,306,Cairo
744,15,female,43,155,18,5.15,227,Cairo
1489,14,male,43,155,18,5.3,408,Caracas
167,15,male,43,156,18,5.33,306,Bogota
1744,14,male,43,156,18,5.3,306,Cairo
650,15,male,43,158,17,,382,Riga
159,12,male,43,159,17,5.56,350,Riga
1738,11,male,43,159,17,5.6,350,Riga
288,16,female,43,160,17,4.9,205,Riga
1147,15,female,43,160,17,5.1,230,Caracas
1816,15,female,43,160,17,4.9,205,Bogota
689,14,female,43,160,17,5.1,180,Cairo
1052,14,male,43,160,17,6.2,362,Cairo
896,14,male,43,163,16,5.81,400,Caracas
881,14,male,43,165,16,5.68,460,Bogota
430,15,male,43,167,15,5.48,330,Cairo
1156,14,female,43,171,15,5.3,263,Riga
1284,12,female,43,171,15,4.8,234,Riga
1194,15,female,43,177,14,5.3,305,Riga
60,13,female,44,145,21,5.26,297,Riga
4,12,male,44,145,21,4.72,203,Caracas
1253,14,male,44,150,20,5.6,377,Bogota
563,13,female,44,150,20,4.95,180,Cairo
65,12,female,44,150,20,4.39,244,Cairo
769,14,female,44,151,19,4.9,188,Caracas
596,13,female,44,151,19,4.81,250,Bogota
75,12,female,44,151,19,5.13,244,Cairo
1332,12,male,44,151,19,5.5,300,Riga
1665,12,female,44,151,19,5.1,244,Riga
348,13,male,44,153,19,5.21,281,Riga
1355,17,female,44,154,19,5.0,285,Riga
502,16,female,44,154,19,5.68,233,Caracas
549,13,female,44,154,19,4.63,185,Bogota
1259,12,male,44,154,19,6.2,356,Cairo
1008,14,female,44,155,18,4.85,340,Cairo
1009,14,male,44,155,18,06.02,350,Caracas
1629,14,female,44,155,18,5.1,340,Bogota
146,13,male,44,155,18,4.44,315,Cairo
76,12,male,44,155,18,5.19,252,Riga
1727,12,male,44,155,18,4.4,315,Riga
1666,11,male,44,155,18,5.2,252,Riga
270,14,female,44,156,18,4.46,185,Riga
770,14,male,44,156,18,4.76,360,Caracas
1152,14,female,44,156,18,5.1,278,Bogota
637,13,female,44,156,18,5.15,270,Cairo
268,14,male,44,157,18,5.62,390,Cairo
1572,13,male,44,157,18,4.5,253,Caracas
951,17,female,44,158,18,5.32,345,Bogota
1454,12,female,44,158,18,5.1,280,Cairo
1207,14,female,44,159,17,5.4,253,Riga
1162,14,female,44,159,18,5.1,242,Riga
604,13,female,44,159,17,5.9,340,Riga
634,13,female,44,159,17,5.62,261,Riga
1569,13,female,44,159,17,4.7,284,Caracas
1199,16,male,44,160,17,5.8,390,Bogota
713,15,male,44,160,17,6.33,415,Cairo
14,12,female,44,160,17,5.26,257,Cairo
1264,13,male,44,161,17,5.7,350,Caracas
1528,13,female,44,161,17,5.1,280,Bogota
1619,15,female,44,162,17,5.6,325,Cairo
1270,12,female,44,163,17,5.3,191,Riga
1356,12,female,44,163,17,5.5,256,Riga
1211,17,male,44,164,17,6.5,458,Riga
618,14,female,44,165,16,4.39,195,Riga
928,14,female,44,165,16,5.75,238,Caracas
1408,14,male,44,165,16,6.0,260,Bogota
1616,15,male,44,166,16,6.6,465,Cairo
522,12,female,44,169,15,6.1,310,Cairo
1034,16,male,44,173,15,5.4,352,Caracas
910,16,female,44,177,14,4.59,206,Bogota
860,14,female,45,150,20,4.67,180,Cairo
869,14,female,45,150,20,5.43,250,Riga
1381,13,female,45,150,20,4.7,217,Riga
1378,12,female,45,150,20,4.9,175,Riga
804,14,female,45,151,20,5.56,230,Riga
1705,11,male,45,152,19,5.7,354,Caracas
1236,15,female,45,154,19,4.6,270,Bogota
170,13,male,45,155,19,4.49,250,Cairo
591,13,female,45,155,19,05.03,230,Cairo
673,13,male,45,155,19,4.85,270,Caracas
697,13,male,45,155,19,5.21,320,Bogota
793,13,male,45,155,19,6.1,250,Cairo
482,12,female,45,155,19,5.26,280,Riga
1679,12,male,45,155,19,4.5,260,Riga
1747,12,male,45,155,19,4.5,250,Riga
1335,15,male,45,156,18,6.3,385,Riga
250,17,female,45,157,18,4.55,192,Caracas
1035,14,female,45,157,18,,276,Bogota
1042,14,female,45,157,18,5.2,276,Cairo
409,14,female,45,158,18,6.1,313,Cairo
1100,17,male,45,159,18,5.3,353,Caracas
885,14,female,45,159,18,5.1,290,Bogota
1139,14,female,45,159,18,5.4,243,Cairo
251,15,female,45,160,18,5.56,320,Riga
827,14,male,45,160,18,5.75,430,Riga
1495,13,male,45,160,18,4.8,486,Riga
1476,12,male,45,160,18,5.6,224,Riga
1047,16,male,45,161,17,5.6,390,Caracas
1656,14,female,45,161,17,5.9,330,Bogota
231,15,male,45,162,17,06.06,484,Cairo
543,14,male,45,162,17,5.62,266,Cairo
828,14,female,45,162,17,4.88,280,Caracas
835,14,female,45,162,17,5.1,216,Bogota
880,15,male,45,164,17,06.02,440,Cairo
1237,15,female,45,164,17,4.9,252,Riga
1032,15,male,45,165,17,6.1,409,Riga
1202,14,male,45,165,17,5.9,368,Riga
1083,13,female,45,165,17,5.2,304,Riga
1328,12,male,45,165,17,6.00,350,Caracas
1198,16,female,45,166,16,5.3,327,Bogota
584,14,female,45,166,16,4.95,170,Cairo
1365,14,male,45,166,16,6.9,424,Cairo
1103,15,male,45,167,16,6.2,368,Caracas
1064,13,female,45,168,16,5.5,306,Bogota
1181,16,male,45,171,15,5.7,350,Cairo
1203,15,male,45,171,15,5.8,366,Riga
1340,14,male,45,172,15,6.1,314,Riga
729,13,male,45,173,15,5.32,280,Riga
1652,15,male,45,174,15,6.0,430,Riga
806,14,male,46,146,22,6.49,400,Caracas
220,16,female,46,150,20,4.82,280,Bogota
595,13,female,46,153,20,5.35,260,Cairo
224,16,female,46,155,19,4.88,306,Cairo
693,15,female,46,155,19,5.1,221,Caracas
1785,15,female,46,155,19,4.9,306,Bogota
1592,14,male,46,155,19,4.9,257,Cairo
624,13,male,46,155,19,5.75,360,Riga
787,13,female,46,155,19,4.55,170,Riga
1589,15,female,46,156,19,5.2,203,Riga
1796,13,female,46,156,19,4.4,238,Riga
542,16,male,46,158,18,5.68,350,Caracas
1043,13,female,46,158,18,6.3,367,Bogota
328,15,female,46,159,18,3.67,226,Cairo
845,15,male,46,160,18,5.81,420,Cairo
955,15,male,46,160,18,6.76,400,Caracas
297,14,male,46,160,18,5.71,388,Bogota
1006,14,male,46,160,18,6.41,370,Cairo
1544,14,male,46,160,18,5.7,450,Riga
444,13,female,46,160,18,05.06,200,Riga
1484,13,male,46,160,18,6.0,400,Riga
1824,13,male,46,160,789,5.7,388,Riga
1146,14,female,46,161,18,4.5,216,Caracas
1529,14,male,46,161,18,5.6,410,Bogota
1333,13,male,46,162,18,5.5,307,Cairo
1254,12,female,46,162,18,5.5,322,Cairo
217,16,male,46,163,17,7.14,450,Caracas
897,14,female,46,163,17,4.42,250,Bogota
577,13,female,46,163,17,5.1,256,Cairo
703,13,female,46,163,17,4.46,230,Riga
1118,18,female,46,164,17,5.00,301,Riga
508,14,male,46,164,17,6.33,390,Riga
384,12,female,46,164,17,5.8,330,Riga
903,16,female,46,165,17,4.39,230,Caracas
721,15,male,46,165,17,6.76,370,Bogota
506,14,male,46,165,17,5.95,288,Cairo
840,14,female,46,165,17,5.81,350,Cairo
1159,15,male,46,168,16,5.8,340,Caracas
646,15,male,46,170,16,5.49,300,Bogota
1562,13,male,46,170,16,5.7,485,Cairo
972,15,female,47,150,21,5.38,255,Riga
1637,15,female,47,150,21,4.7,210,Riga
456,12,female,47,150,21,4.55,260,Riga
1145,15,female,47,151,21,5.2,220,Riga
1014,17,female,47,157,19,5.43,260,Caracas
307,14,female,47,157,19,5.63,274,Bogota
337,14,female,47,157,19,5.13,287,Cairo
440,14,female,47,157,19,5.21,170,Cairo
2,13,female,47,158,19,5.15,267,Caracas
414,13,female,47,159,19,4.76,175,Bogota
257,16,male,47,160,18,6.25,390,Cairo
957,16,female,47,160,18,5.43,250,Riga
1337,15,male,47,160,18,6.4,359,Riga
773,14,female,47,160,18,4.85,192,Riga
830,14,female,47,160,18,5.26,260,Riga
935,14,female,47,160,18,4.76,259,Caracas
1248,14,female,47,160,18,5.9,339,Bogota
730,13,male,47,160,18,5.88,335,Cairo
1374,13,male,47,160,18,6.2,409,Cairo
1473,12,male,47,160,18,5.5,258,Caracas
1481,12,female,47,160,18,5.4,220,Bogota
1316,13,female,47,161,18,5.2,267,Cairo
649,15,female,47,162,18,5.21,234,Riga
733,13,male,47,162,18,5.38,303,Riga
267,14,male,47,164,17,6.17,390,Riga
407,13,female,47,164,17,05.05,293,Riga
1121,13,female,47,164,17,5.00,265,Caracas
644,16,male,47,165,17,6.17,300,Bogota
647,15,male,47,165,17,6.67,400,Cairo
874,14,male,47,165,17,6.25,450,Cairo
627,13,male,47,165,17,5.88,230,Caracas
1439,13,male,47,165,17,5.3,285,Bogota
1111,14,female,47,167,17,4.8,197,Cairo
758,13,female,47,167,17,4.76,205,Riga
1182,16,male,47,168,17,5.7,364,Riga
1388,15,male,47,168,17,5.7,361,Riga
1628,16,male,47,169,16,7.2,440,Riga
1053,14,female,47,169,16,5.4,246,Caracas
1521,13,male,47,169,16,5.5,490,Bogota
1154,15,female,47,170,16,5.3,306,Cairo
1153,14,male,47,171,16,6.5,467,Cairo
131,17,male,47,176,15,5.19,290,Caracas
1720,12,male,48,152,21,4.5,300,Bogota
564,13,female,48,153,21,4.55,230,Cairo
687,14,male,48,155,20,6.1,348,Riga
839,14,female,48,155,20,5.68,280,Riga
1590,14,female,48,155,20,5.2,280,Riga
111,13,male,48,155,20,4.94,314,Riga
544,13,female,48,155,20,4.95,204,Caracas
662,13,female,48,155,20,5.32,207,Bogota
724,13,female,48,155,20,4.76,210,Cairo
110,12,male,48,155,20,5.26,326,Cairo
518,12,male,48,155,20,5.75,240,Caracas
290,15,male,48,156,20,5.48,370,Bogota
1123,14,female,48,156,20,4.8,192,Cairo
96,12,female,48,156,20,4.44,196,Riga
1010,14,male,48,157,19,6.49,390,Riga
1772,12,male,48,157,19,5.7,370,Riga
1096,16,female,48,158,19,4.5,196,Riga
1588,14,female,48,158,19,3.6,230,Caracas
727,13,female,48,158,19,5.00,260,Bogota
1039,13,female,48,158,19,5.1,288,Cairo
1373,13,male,48,158,19,5.8,390,Cairo
1310,12,male,48,159,19,5.8,334,Caracas
246,15,female,48,160,19,4.6,261,Bogota
938,15,female,48,160,19,5.21,215,Cairo
960,15,female,48,160,19,5.21,171,Riga
468,14,female,48,160,19,5.13,260,Riga
1802,14,female,48,160,19,,261,Riga
1383,12,male,48,160,19,5.5,338,Riga
982,16,female,48,162,18,5.62,270,Caracas
1534,14,female,48,162,18,4.3,300,Bogota
570,13,male,48,162,18,6.1,280,Cairo
1545,13,male,48,162,18,5.4,310,Cairo
1306,12,female,48,162,18,5.4,290,Caracas
1450,13,male,48,163,18,5.2,370,Bogota
1606,14,male,48,164,18,6.3,420,Cairo
1050,15,female,48,165,18,4.8,258,Riga
530,14,male,48,165,18,08.06,500,Riga
861,14,male,48,165,18,6.49,480,Riga
1136,14,female,48,168,17,5.3,282,Riga
233,14,male,48,170,17,5.26,380,Caracas
1745,14,male,48,170,17,5.4,352,Bogota
1793,13,male,48,170,17,5.3,374,Cairo
643,18,female,48,171,16,5.38,232,Cairo
304,14,female,48,171,16,4.44,260,Caracas
101,12,male,49,150,22,4.44,262,Bogota
1688,11,male,49,150,22,4.4,262,Cairo
1669,111,male,49,152,21,4.9,288,Riga
77,12,female,49,152,21,4.3,170,Riga
79,12,male,49,152,21,4.94,288,Riga
1667,11,female,49,152,21,4.3,170,Riga
1245,18,female,49,153,21,4.6,262,Caracas
278,14,female,49,153,21,4.71,195,Bogota
289,15,female,49,155,20,4.71,344,Cairo
1011,15,female,49,155,20,4.9,170,Cairo
1817,14,female,49,155,20,4.7,344,Caracas
186,12,male,49,155,20,4.82,322,Bogota
165,14,male,49,156,20,5.19,344,Cairo
1137,14,male,49,157,20,4.8,360,Riga
1463,14,male,49,158,20,4.9,270,Riga
498,17,female,49,159,19,06.02,160,Riga
878,16,male,49,160,19,06.02,390,Riga
332,15,male,49,160,19,5.56,370,Caracas
1847,14,male,49,160,19,5.6,370,Bogota
408,13,male,49,160,19,5.88,252,Cairo
1375,12,male,49,160,19,5.3,338,Cairo
1227,16,female,49,161,19,4.1,235,Caracas
1086,13,male,49,162,18,5.4,285,Bogota
572,13,female,49,162,19,6.1,290,Cairo
616,14,female,49,163,18,05.05,300,Riga
565,13,female,49,163,18,5.49,224,Riga
1564,13,male,49,163,18,5.6,345,Riga
1792,13,male,49,163,18,5.3,351,Riga
1634,16,female,49,164,18,5.5,220,Caracas
1214,17,male,49,165,18,6.1,402,Bogota
575,13,male,49,165,18,6.85,405,Cairo
669,13,male,49,165,18,6.33,352,Cairo
786,13,male,49,165,18,4.81,190,Caracas
164,14,male,49,166,18,5.33,320,Bogota
1201,14,male,49,167,18,5.9,357,Cairo
736,15,male,49,169,17,5.88,380,Riga
1143,14,female,49,169,17,5.8,320,Riga
212,16,male,49,170,17,5.41,368,Riga
1097,16,male,49,170,17,5.00,420,Riga
989,15,female,49,170,17,4.39,190,Caracas
1776,15,male,49,170,17,5.4,368,Bogota
1149,14,female,49,170,17,5.4,280,Cairo
1171,14,male,49,170,17,4.8,365,Cairo
442,13,male,49,170,17,4.88,380,Caracas
1115,13,male,49,170,17,5.4,400,Bogota
587,14,male,49,172,17,6.49,348,Cairo
1178,14,male,49,173,16,6.9,467,Riga
294,17,male,49,175,16,5.48,355,Riga
255,15,male,49,175,16,6.49,405,Riga
460,14,male,49,175,16,5.48,310,Riga
1287,13,male,49,177,16,5.7,380,Caracas
15,12,female,50,146,23,4.9,205,Bogota
1491,13,male,50,150,22,4.9,456,Cairo
396,15,female,50,153,21,05.06,222,Cairo
449,12,male,50,153,21,4.94,250,Caracas
1317,13,female,50,157,20,4.9,240,Bogota
1357,12,female,50,157,20,6.3,206,Cairo
1575,16,female,50,158,20,5.4,315,Riga
617,14,female,50,158,20,4.76,215,Riga
1580,14,female,50,158,20,5.3,266,Riga
1584,14,female,50,158,20,5.9,275,Riga
317,16,male,50,160,20,5.56,322,Caracas
1601,16,female,50,160,20,5.1,257,Bogota
264,15,male,50,160,20,06.02,341,Cairo
369,14,female,50,160,20,5.38,280,Cairo
1591,14,female,50,160,20,5.4,193,Caracas
764,13,male,50,160,20,5.38,400,Bogota
796,13,female,50,160,20,5.75,280,Cairo
1499,12,female,50,160,20,5.1,270,Riga
1218,16,female,50,161,19,5.7,330,Riga
1239,16,female,50,161,19,5.00,296,Riga
1577,15,female,50,162,19,4.2,217,Riga
1600,15,male,50,162,19,6.3,375,Caracas
353,12,male,50,162,19,5.75,282,Bogota
622,14,male,50,163,19,6.79,420,Cairo
1110,14,female,50,163,19,5.4,256,Cairo
1292,12,male,50,163,19,5.8,316,Caracas
1187,16,male,50,164,19,7.00,445,Bogota
1179,14,female,50,164,19,,203,Cairo
1609,14,male,50,164,19,5.9,410,Riga
199,15,male,50,165,18,5.56,364,Riga
998,15,female,50,165,18,5.32,220,Riga
166,14,male,50,165,18,5.88,356,Riga
235,14,male,50,165,18,5.21,345,Caracas
714,14,female,50,165,18,5.49,330,Bogota
556,13,female,50,165,18,5.43,265,Cairo
600,13,male,50,165,18,6.00,380,Cairo
1526,14,male,50,166,18,6.2,395,Caracas
1271,13,female,50,166,18,5.2,228,Bogota
1315,13,male,50,166,18,6.7,266,Cairo
862,14,male,50,167,18,5.68,420,Riga
319,16,male,50,168,18,5.13,410,Riga
534,15,male,50,168,18,6.58,470,Riga
503,14,male,50,168,18,6.67,460,Riga
321,15,male,50,169,18,5.26,480,Caracas
247,18,male,50,170,17,6.15,464,Bogota
1803,17,male,50,170,17,6.2,464,Cairo
1487,15,male,50,170,17,5.5,300,Cairo
466,14,male,50,170,17,5.63,368,Caracas
807,14,female,50,170,17,5.15,225,Bogota
1583,14,male,50,170,17,6.1,440,Cairo
391,15,male,50,171,17,06.06,420,Riga
244,14,female,50,171,17,4.44,240,Riga
1800,13,female,50,171,17,4.4,240,Riga
950,17,male,50,175,16,5.68,446,Riga
276,16,male,50,175,16,5.88,380,Caracas
1804,15,male,50,175,16,5.9,380,Bogota
889,14,male,50,175,16,6.58,520,Cairo
390,17,male,50,355,16,5.63,370,Cairo
179,12,female,51,151,22,4.6,172,Caracas
1754,11,female,51,151,22,4.6,172,Bogota
1286,12,male,51,152,22,4.7,260,Cairo
323,15,female,51,153,22,5.00,208,Riga
1840,14,female,51,153,22,5.0,208,Riga
1414,15,female,51,155,21,4.4,210,Riga
671,13,female,51,155,21,5.32,195,Riga
1480,12,female,51,155,21,4.5,200,Caracas
1673,12,male,51,156,21,5.7,322,Bogota
1520,13,male,51,157,21,4.6,230,Cairo
1567,13,female,51,157,21,4.4,180,Cairo
1168,14,female,51,158,20,5.1,240,Caracas
907,16,female,51,160,20,3.85,200,Bogota
228,15,female,51,160,20,4.4,230,Cairo
883,15,female,51,160,20,4.59,330,Riga
262,15,male,51,160,555,5.95,320,Riga
241,14,female,51,160,20,5.41,350,Riga
271,14,male,51,160,20,5.75,420,Riga
1512,13,female,51,160,20,4.9,232,Caracas
428,12,male,51,160,20,4.95,283,Bogota
366,16,male,51,163,19,5.26,311,Cairo
273,18,female,51,164,19,4.9,270,Cairo
1027,17,female,51,164,19,5.6,345,Caracas
1247,16,female,51,164,19,4.2,231,Bogota
1122,13,female,51,164,19,4.7,210,Cairo
642,18,male,51,165,19,6.58,400,Riga
988,15,female,51,165,19,5.43,330,Riga
1026,15,male,51,165,19,6.3,405,Riga
603,14,male,51,165,19,6.28,420,Riga
867,14,female,51,165,19,4.85,268,Caracas
58,13,male,51,165,19,4.72,207,Bogota
648,15,male,51,168,18,6.1,340,Cairo
992,15,female,51,168,18,5.1,260,Cairo
1604,16,male,51,170,18,6.3,444,Caracas
700,13,male,51,170,18,5.95,443,Bogota
789,13,female,51,170,18,5.21,330,Cairo
740,15,male,51,174,17,6.25,343,Riga
1028,15,male,51,175,17,6.4,404,Riga
1406,17,male,51,176,16,6.4,350,Riga
1620,15,male,51,176,16,6.1,370,Riga
1555,14,female,52,149,23,4.7,216,Caracas
1113,14,female,52,150,23,4.8,185,Bogota
1488,14,female,52,155,22,5.0,310,Cairo
36,12,male,52,155,22,5.1,277,Cairo
890,14,female,52,156,21,5.15,280,Caracas
344,15,female,52,157,21,5.19,203,Bogota
1851,15,female,52,157,21,5.2,203,Cairo
1369,13,male,52,157,21,4.9,343,Riga
221,15,female,52,158,21,5.19,222,Riga
1783,14,female,52,158,21,5.2,222,Riga
628,13,female,52,158,21,5.56,180,Riga
717,14,female,52,159,21,6.17,369,Caracas
942,16,female,52,160,20,05.05,215,Bogota
291,15,male,52,160,20,5.97,370,Cairo
745,14,female,52,160,20,5.26,236,Cairo
1073,14,male,52,160,20,5.7,279,Caracas
1547,14,female,52,160,20,5.2,260,Bogota
1819,14,male,52,160,20,6.0,370,Cairo
445,13,female,52,160,20,5.48,250,Riga
731,13,female,52,160,20,5.1,265,Riga
73,12,female,52,160,20,4.65,259,Riga
1420,12,female,52,160,20,5.5,220,Riga
331,15,female,52,161,20,05.06,246,Caracas
704,14,female,52,161,20,4.95,346,Bogota
1846,14,female,52,161,20,5.1,246,Cairo
1322,12,female,52,161,20,4.4,172,Cairo
253,17,female,52,162,20,5.22,271,Caracas
1586,14,female,52,162,20,4.5,210,Bogota
521,12,male,52,162,20,6.33,265,Cairo
906,17,female,52,163,20,5.32,210,Riga
1183,15,female,52,163,20,4.3,190,Riga
1431,15,female,52,163,20,4.3,160,Riga
1128,14,female,52,163,20,5.4,301,Riga
196,13,female,52,163,20,4.88,237,Caracas
66,12,female,52,163,20,5.38,357,Bogota
135,12,male,52,163,20,4.35,257,Cairo
1615,16,male,52,164,19,5.5,390,Cairo
923,14,male,52,164,19,5.75,373,Caracas
1169,14,female,52,164,19,6.00,366,Bogota
1535,14,male,52,164,19,5.4,410,Cairo
795,13,male,52,164,19,5.88,390,Riga
1596,15,female,52,165,19,6.3,286,Riga
505,15,female,52,166,19,5.68,240,Riga
582,14,female,52,166,19,5.43,210,Riga
1587,14,male,52,166,19,5.8,376,Caracas
546,13,male,52,168,18,6.58,387,Bogota
1648,16,male,52,169,18,6.6,384,Cairo
1130,15,male,52,169,18,5.4,449,Cairo
283,18,female,52,170,18,06.06,380,Caracas
1811,17,male,52,170,18,6.1,380,Bogota
920,15,male,52,170,18,06.02,347,Cairo
580,13,male,52,174,17,6.49,410,Riga
980,17,male,52,175,17,6.49,460,Riga
434,15,male,52,175,17,6.58,473,Riga
1469,13,male,53,150,24,4.6,310,Riga
548,14,female,53,153,23,4.2,210,Caracas
760,13,female,53,155,22,5.26,205,Bogota
69,12,female,53,155,22,4.72,210,Cairo
968,14,female,53,158,21,4.85,240,Cairo
653,14,male,53,160,21,5.62,280,Caracas
686,14,female,53,160,21,4.9,170,Bogota
822,14,male,53,160,21,5.81,340,Cairo
871,14,female,53,160,21,05.05,236,Riga
117,12,male,53,160,21,5.13,230,Riga
515,12,female,53,160,21,4.85,190,Riga
1058,14,female,53,162,20,4.8,271,Riga
1329,13,female,53,162,20,5.1,200,Caracas
1507,15,female,53,163,20,5.3,191,Bogota
598,14,female,53,163,20,5.46,270,Cairo
781,13,female,53,163,20,5.1,190,Cairo
779,16,female,53,164,20,4.72,170,Caracas
213,14,male,53,164,20,5.63,410,Bogota
589,13,female,53,164,20,6.12,270,Cairo
1331,12,male,53,164,20,4.3,175,Riga
891,15,male,53,165,19,5.81,420,Riga
175,13,male,53,165,19,5.97,440,Riga
484,13,female,53,165,19,5.81,270,Riga
608,13,female,53,165,19,5.26,230,Caracas
1403,13,female,53,165,19,4.9,180,Bogota
1752,12,male,53,165,19,6.0,440,Cairo
1024,18,male,53,166,19,6.3,375,Cairo
818,14,male,53,166,19,6.25,430,Caracas
1537,13,female,53,166,19,5.3,270,Bogota
298,14,female,53,167,19,,368,Cairo
1072,14,male,53,167,19,5.1,293,Riga
1825,14,female,53,167,19,5.5,368,Riga
511,13,female,53,168,19,4.46,204,Riga
551,13,female,53,169,19,4.2,2038,Riga
406,12,female,53,169,19,4.35,260,Caracas
927,14,male,53,170,18,6.17,390,Bogota
1346,13,male,53,170,18,6.4,360,Cairo
1348,14,female,53,171,18,5.1,245,Cairo
1229,17,male,53,172,18,6.2,405,Caracas
739,16,male,53,172,18,6.94,450,Bogota
743,15,male,53,172,18,05.05,364,Cairo
260,15,male,53,175,17,6.58,460,Riga
458,15,male,53,175,17,6.15,440,Riga
1389,15,male,53,175,17,6.0,357,Riga
963,14,male,53,175,17,6.49,470,Riga
993,15,male,53,176,17,6.33,280,Caracas
432,15,male,53,179,17,6.94,413,Bogota
851,14,female,54,150,24,05.05,320,Cairo
1566,13,female,54,150,24,4.4,185,Cairo
579,15,female,54,154,23,4.85,225,Caracas
38,17,female,54,155,22,5.21,284,Bogota
797,15,female,54,155,22,4.72,250,Cairo
620,14,female,54,155,22,5.66,260,Riga
1397,13,female,54,156,22,4.0,173,Riga
705,13,female,54,158,22,4.9,289,Riga
184,12,female,54,158,22,4.71,200,Riga
184,12,female,54,158,22,4.71,200,Caracas
1757,12,female,54,158,22,4.7,200,Bogota
678,16,female,54,160,21,5.49,244,Cairo
303,14,female,54,160,21,4.82,177,Cairo
411,14,female,54,160,21,4.95,160,Caracas
1599,14,female,54,160,21,5.4,337,Bogota
1830,13,female,54,160,21,4.8,177,Cairo
1213,15,female,54,161,21,4.3,267,Riga
675,13,male,54,161,21,5.62,290,Riga
1071,15,male,54,163,20,5.9,334,Riga
879,14,female,54,163,20,5.32,300,Riga
785,13,female,54,163,20,05.05,2300,Caracas
1220,16,female,54,164,20,4.9,235,Bogota
174,13,female,54,164,20,5.00,243,Cairo
1054,15,female,54,165,20,5.1,207,Cairo
477,13,male,54,165,20,4.85,270,Caracas
784,13,male,54,165,20,06.02,260,Bogota
1155,15,male,54,166,20,7.1,376,Cairo
1302,13,female,54,166,20,5.1,252,Riga
136,16,male,54,167,19,5.8,384,Riga
1718,15,male,54,167,19,5.8,384,Riga
1595,14,male,54,168,19,6.3,385,Riga
347,13,male,54,169,19,5.43,250,Caracas
223,15,female,54,170,19,5.26,250,Bogota
1402,12,male,54,170,19,4.9,315,Cairo
1219,16,male,54,171,18,5.9,438,Cairo
887,14,male,54,173,18,5.88,420,Caracas
1658,14,female,54,173,18,5.5,280,Bogota
1849,13,male,54,173,18,5.3,344,Cairo
937,15,male,54,175,18,5.15,385,Riga
613,14,male,54,175,18,6.17,320,Riga
974,14,male,54,175,18,6.41,430,Riga
1798,13,female,55,160,21,5.2,292,Riga
1832,13,female,55,160,21,5.0,225,Caracas
1106,15,female,55,161,21,4.3,224,Bogota
1633,15,female,55,162,21,5.5,280,Cairo
606,13,male,55,162,21,6.33,370,Cairo
219,16,female,55,163,21,05.06,240,Caracas
1781,15,female,55,163,21,5.1,240,Bogota
320,17,female,55,164,20,3.94,212,Cairo
237,14,female,55,164,20,5.19,280,Riga
397,14,female,55,164,20,4.35,232,Riga
312,17,male,55,165,20,5.48,380,Riga
814,14,female,55,165,20,5.00,300,Riga
876,14,male,55,165,20,6.33,380,Caracas
931,14,female,55,165,20,5.26,270,Bogota
9,12,female,55,165,20,4.46,172,Cairo
975,16,female,55,166,20,4.76,220,Cairo
1641,17,male,55,168,19,6.0,420,Caracas
945,16,male,55,168,19,5.32,315,Bogota
293,15,male,55,170,19,5.97,352,Cairo
501,15,male,55,170,19,6.49,285,Riga
536,15,male,55,170,19,6.58,370,Riga
497,15,male,55,170,1223,07.04,346,Riga
1821,14,male,55,170,19,6.0,352,Riga
295,17,male,55,172,19,6.58,490,Caracas
1243,15,male,55,172,19,6.1,392,Bogota
227,15,male,55,173,18,6.25,440,Cairo
1787,14,male,55,173,18,6.3,393,Cairo
256,15,male,55,175,18,07.04,450,Caracas
1739,15,male,55,175,18,5.3,360,Bogota
691,15,male,55,176,18,7.25,400,Cairo
1093,13,male,55,177,18,5.6,300,Riga
1234,16,female,56,152,24,5.2,237,Riga
772,14,female,56,152,24,4.17,215,Riga
832,14,female,56,153,24,3.94,187,Riga
1019,14,female,56,156,23,5.2,313,Caracas
1119,13,female,56,156,23,4.7,198,Bogota
1091,14,male,56,157,23,5.4,346,Cairo
467,14,female,56,160,22,4.17,170,Cairo
560,13,male,56,160,22,5.75,310,Caracas
258,15,female,56,161,22,4.81,260,Bogota
532,15,male,56,161,22,5.62,260,Cairo
904,17,male,56,165,21,6.76,460,Riga
953,16,female,56,165,21,4.9,280,Riga
1003,14,female,56,165,21,4.76,210,Riga
1574,14,female,56,168,20,5.9,330,Riga
1594,14,female,56,168,20,5.2,245,Caracas
1631,17,male,56,170,19,7.6,565,Bogota
473,13,male,56,170,19,6.41,318,Cairo
452,12,male,56,170,19,5.71,265,Cairo
1238,17,female,56,172,19,4.4,198,Caracas
1536,14,male,56,172,19,6.6,500,Bogota
1445,16,male,56,175,18,6.2,260,Cairo
1845,14,male,56,180,17,6.7,413,Riga
1129,14,male,56,181,17,6.9,444,Riga
389,16,male,56,186,16,5.8,420,Riga
1662,15,female,57,153,24,4.8,310,Riga
979,15,female,57,155,24,5.26,280,Caracas
1644,15,female,57,155,24,5.0,220,Bogota
254,16,female,57,157,23,5.42,262,Cairo
1029,15,female,57,158,23,5.3,263,Cairo
668,13,male,57,160,22,05.05,306,Caracas
243,14,female,57,163,21,4.71,250,Bogota
1799,13,female,57,163,21,4.7,230,Cairo
847,14,female,57,164,21,06.02,330,Riga
641,17,male,57,165,21,5.75,306,Riga
1625,13,male,57,165,21,4.9,290,Riga
1102,15,female,57,166,21,5.00,227,Riga
1260,13,female,57,167,20,5.3,306,Caracas
800,15,male,57,170,20,6.41,400,Bogota
1070,15,female,57,170,20,4.3,182,Cairo
1191,15,female,57,172,19,5.4,315,Cairo
454,12,male,57,175,19,5.19,280,Caracas
313,16,male,57,177,18,6.35,484,Bogota
1838,15,male,57,177,18,6.3,484,Cairo
340,14,male,57,180,18,5.8,440,Riga
1518,13,female,58,147,27,5.2,240,Riga
1069,14,female,58,154,24,4.8,230,Riga
1525,13,female,58,156,24,5.5,280,Riga
858,14,female,58,157,24,4.76,190,Caracas
1080,14,female,58,158,23,5.2,235,Bogota
1527,13,female,58,158,23,4.5,160,Cairo
973,15,female,58,160,23,5.15,270,Cairo
864,14,female,58,160,23,05.05,250,Caracas
1427,13,male,58,160,23,4.8,270,Bogota
1138,15,female,58,161,22,4.8,243,Cairo
373,14,female,58,162,22,5.21,221,Riga
539,14,female,58,163,22,5.49,292,Riga
576,13,female,58,163,22,5.43,185,Riga
631,13,female,58,163,22,5.43,300,Riga
1768,14,male,58,165,21,5.6,337,Caracas
266,16,female,58,166,21,4.67,277,Bogota
1045,16,male,58,167,21,6.1,410,Cairo
1134,14,female,58,168,21,6.00,290,Cairo
1605,15,female,58,169,20,5.6,350,Caracas
817,14,female,58,169,20,4.85,190,Bogota
971,15,male,58,170,20,6.33,380,Cairo
1552,13,female,58,173,19,4.7,160,Riga
1221,15,male,58,174,19,5.8,433,Riga
854,14,male,58,175,19,6.94,520,Riga
1598,14,male,58,175,19,5.7,345,Riga
1124,15,male,58,180,18,6.3,380,Caracas
459,15,male,58,181,18,6.45,525,Bogota
1099,17,male,58,182,18,6.9,500,Cairo
1013,12,female,59,156,24,4.85,190,Cairo
723,13,female,59,157,24,5.15,245,Caracas
932,14,female,59,158,24,4.55,195,Bogota
1077,15,female,59,163,22,4.8,245,Cairo
1167,14,female,59,163,22,4.8,205,Riga
1434,14,female,59,163,22,5.6,260,Riga
658,15,female,59,164,22,5.88,328,Riga
1133,14,male,59,164,22,5.4,395,Riga
1215,15,female,59,165,22,5.1,257,Caracas
656,14,female,59,165,22,5.56,300,Bogota
756,13,female,59,165,22,5.38,300,Cairo
433,15,male,59,166,21,7.58,350,Cairo
1063,15,female,59,166,21,4.8,273,Caracas
272,14,male,59,167,21,6.49,450,Bogota
392,14,male,59,169,21,6.25,340,Cairo
1210,16,male,59,170,20,6.7,500,Riga
1497,14,male,59,170,20,5.7,490,Riga
465,14,male,59,175,19,5.26,325,Riga
1659,14,male,59,179,18,6.6,460,Riga
645,18,male,59,185,17,6.94,450,Caracas
306,14,female,60,152,26,05.06,204,Bogota
1833,13,female,60,152,26,5.1,204,Cairo
516,13,male,60,153,26,4.39,270,Cairo
535,14,male,60,158,24,4.9,243,Caracas
1617,16,male,60,160,23,4.4,300,Bogota
55,13,female,60,160,23,5.26,235,Cairo
1120,13,male,60,161,23,5.3,282,Riga
1642,17,female,60,166,22,4.6,200,Riga
801,15,male,60,166,22,5.43,250,Riga
1177,15,female,60,167,22,5.1,205,Riga
947,16,male,60,170,21,6.49,390,Caracas
1576,15,male,60,170,21,6.7,466,Bogota
538,14,male,60,171,21,6.1,322,Cairo
802,16,male,60,174,20,6.17,390,Cairo
944,17,male,60,175,20,6.33,430,Caracas
1464,15,female,60,175,20,5.4,270,Bogota
1578,15,male,60,175,20,6.1,376,Cairo
571,13,female,60,176,19,5.81,270,Riga
1216,16,male,60,177,19,6.1,448,Riga
1186,16,male,60,178,19,6.8,440,Riga
128,12,female,61,148,28,5.13,204,Riga
1712,11,female,61,148,28,5.1,204,Caracas
826,14,female,61,155,25,5.00,200,Bogota
1241,16,female,61,159,24,5.3,258,Cairo
965,14,male,61,160,24,5.00,241,Cairo
62,12,female,61,160,24,4.46,178,Caracas
1449,12,female,61,162,23,5.3,160,Bogota
1736,12,female,61,162,23,4.7,258,Cairo
805,15,female,61,163,23,5.15,250,Riga
327,15,male,61,165,22,5.26,300,Riga
1842,14,male,61,165,22,5.3,300,Riga
1282,14,male,61,166,22,4.4,322,Riga
583,14,male,61,171,21,5.75,312,Caracas
1222,17,male,61,173,21,6.4,460,Bogota
1232,16,male,61,175,20,6.00,415,Cairo
504,14,male,61,175,20,5.81,322,Cairo
1180,15,male,61,178,19,6.9,458,Caracas
1158,15,male,61,180,19,6.3,405,Bogota
1007,14,male,61,181,19,07.04,440,Cairo
948,18,male,61,182,18,7.25,500,Riga
958,16,female,62,158,25,4.67,210,Riga
214,18,female,62,160,24,4.88,315,Riga
1815,14,female,62,160,24,4.7,174,Riga
1197,15,female,62,161,24,5.1,236,Caracas
1636,17,female,62,164,23,4.9,300,Bogota
1176,15,female,62,164,23,5.7,363,Cairo
108,13,female,62,164,23,4.3,220,Cairo
1695,12,female,62,164,23,4.3,220,Caracas
1632,15,female,62,165,23,4.5,200,Bogota
1394,13,female,62,165,23,4.8,258,Cairo
1166,14,male,62,169,22,5.8,386,Riga
699,13,female,62,170,21,5.95,362,Riga
500,16,female,62,174,20,5.81,252,Riga
905,16,male,62,175,20,6.25,430,Riga
1312,12,female,62,177,20,5.4,279,Caracas
1132,15,male,62,178,20,6.5,360,Bogota
1640,15,male,62,180,19,6.4,440,Cairo
1433,14,male,62,183,19,4.5,210,Cairo
685,14,male,62,184,18,6.58,403,Caracas
987,16,female,63,158,25,5.26,290,Bogota
1784,14,female,63,163,24,5.1,315,Cairo
1304,12,male,63,163,24,4.9,267,Riga
376,13,female,63,164,23,5.13,310,Riga
1204,14,female,63,165,23,5.4,276,Riga
715,14,male,63,166,23,5.49,349,Riga
1646,16,male,63,171,22,6.5,375,Caracas
983,18,female,63,172,21,4.85,190,Bogota
412,13,male,63,173,21,5.95,320,Cairo
683,15,male,63,174,21,5.75,345,Cairo
614,14,female,63,175,21,4.17,320,Caracas
277,16,male,63,179,20,5.97,422,Bogota
1398,16,male,63,180,19,5.5,270,Cairo
211,17,male,63,183,19,6.35,519,Riga
439,13,female,64,153,27,4.46,180,Riga
1342,14,male,64,154,27,5.3,173,Riga
1208,14,female,64,155,27,5.1,230,Riga
1452,13,female,64,166,23,5.3,209,Caracas
708,17,male,64,168,23,6.76,360,Bogota
981,16,male,64,168,23,6.41,340,Cairo
163,16,male,64,170,22,6.56,450,Cairo
229,15,female,64,170,22,5.26,300,Caracas
1741,15,male,64,170,22,6.6,450,Bogota
383,12,male,64,170,22,5.13,330,Cairo
215,16,male,64,171,22,6.56,476,Riga
226,15,male,64,171,22,6.25,350,Riga
1778,15,male,64,171,22,6.6,476,Riga
1101,15,male,64,178,20,4.9,309,Riga
1170,14,male,64,179,20,5.8,341,Caracas
778,16,male,64,180,20,4.9,393,Bogota
995,16,male,64,180,20,6.33,340,Cairo
1131,14,female,64,183,19,5.6,283,Cairo
1543,14,male,64,187,18,5.9,440,Caracas
239,14,female,65,165,24,5.00,280,Bogota
457,15,male,65,168,23,4.4,200,Cairo
844,15,female,65,168,23,5.68,310,Riga
1164,15,female,65,173,22,5.8,368,Riga
1649,17,male,65,178,21,6.3,425,Riga
1252,15,male,65,180,20,5.9,345,Riga
1638,17,female,66,160,26,5.8,320,Caracas
962,15,female,66,160,26,4.42,200,Bogota
810,14,male,66,160,26,4.17,230,Cairo
208,16,male,66,165,24,5.56,343,Cairo
1773,15,male,66,165,24,5.6,343,Caracas
868,14,female,66,165,24,5.26,250,Bogota
1076,14,male,66,166,24,5.5,345,Cairo
661,13,female,66,175,22,5.15,175,Riga
946,16,male,66,177,21,6.58,320,Riga
1461,15,male,66,179,21,6.1,450,Riga
853,14,male,66,180,20,5.88,380,Riga
809,14,male,66,181,20,5.95,330,Caracas
98,12,female,67,156,28,3.92,173,Bogota
416,12,female,67,156,28,5.1,190,Cairo
1685,11,female,67,156,28,3.9,173,Cairo
1205,14,female,67,162,26,4.6,218,Caracas
812,14,female,67,165,25,5.26,210,Bogota
1801,13,male,67,172,23,5.6,318,Cairo
132,15,female,67,173,22,4.86,244,Riga
282,17,male,67,180,21,6.45,526,Riga
324,15,male,67,180,21,05.06,480,Riga
680,15,male,67,190,19,07.04,500,Riga
316,16,female,68,154,29,4.76,190,Caracas
1000,16,female,68,155,28,4.31,190,Bogota
1565,13,female,68,157,28,5.5,246,Cairo
1437,14,male,68,161,26,4.1,230,Cairo
86,12,male,68,168,24,5.41,324,Caracas
311,16,male,68,173,23,6.76,450,Bogota
252,17,male,68,180,21,7.46,540,Cairo
941,16,male,68,185,20,6.49,425,Riga
335,15,female,69,160,27,4.76,220,Riga
1212,15,female,69,168,24,5.4,274,Riga
996,16,male,69,170,24,6.1,440,Riga
1079,14,female,69,171,24,5.1,280,Caracas
285,18,male,69,178,22,5.97,460,Bogota
1813,17,male,69,178,22,6.0,460,Cairo
512,13,female,70,160,27,4.17,205,Cairo
969,14,male,70,165,26,5.1,311,Caracas
794,13,male,70,165,26,4.67,180,Bogota
837,15,male,70,190,19,6.58,470,Cairo
1016,16,female,71,160,28,4.81,175,Riga
1174,17,female,71,162,27,5.9,345,Riga
1195,16,female,72,165,26,6.3,335,Riga
925,14,female,72,165,26,4.76,229,Riga
507,14,male,72,168,26,6.1,267,Caracas
1126,14,female,72,168,26,4.3,168,Bogota
798,15,male,72,171,25,6.17,440,Cairo
1653,17,male,72,173,24,5.5,373,Cairo
333,15,female,72,173,24,4.95,226,Caracas
1246,17,male,72,177,23,6.8,450,Bogota
1098,15,male,72,177,23,6.5,479,Cairo
677,17,male,72,180,22,6.85,262,Riga
309,18,male,73,177,23,6.15,493,Riga
6,12,male,74,160,29,5.49,276,Riga
842,14,female,74,162,28,5.56,250,Riga
437,13,male,74,169,26,4.46,230,Caracas
978,16,female,75,170,26,4.95,220,Bogota
984,17,male,75,175,24,6.85,410,Cairo
738,16,male,76,181,23,6.35,460,Cairo
1265,12,male,77,163,29,4.5,222,Caracas
1699,12,female,77,165,28,3.8,160,Bogota
1141,15,male,77,172,26,4.7,316,Cairo
301,14,female,78,158,31,5.19,214,Riga
533,15,male,78,169,27,5.1,237,Riga
281,17,male,78,175,25,5.71,375,Riga
659,17,female,79,175,26,5.56,310,Riga
1095,16,male,79,177,25,5.9,343,Caracas
202,14,female,80,155,33,4.35,170,Bogota
1769,13,female,80,155,33,4.3,170,Cairo
741,15,female,80,160,31,3.88,168,Cairo
279,14,male,80,165,29,4.26,281,Caracas
855,15,male,80,175,26,6.1,360,Bogota
169,14,male,81,178,26,5.71,270,Cairo
1746,13,male,81,178,26,5.7,270,Riga
139,13,female,82,156,34,4.76,210,Riga
53,12,male,82,163,31,4.55,241,Riga
884,16,male,91,183,27,6.17,380,Riga
374,15,male,96,186,28,6.49,3930,Caracas
1490,13,male,445,155,18,6.1,373,Bogota
1837,13,female,585,155,24,5.3,270,Cairo
1674,11,male,38.5,150,17,5.1,265,Cairo
129,12,male,40.5,143,20,5.19,288,Caracas
106,12,male,42.5,160,17,5.41,360,Bogota
1693,11,male,42.5,160,17,5.4,360,Cairo
1611,15,female,50.3,162,19,5.4,243,Riga
310,14,female,58.5,155,24,5.33,270,Riga
336,15,female,59.5,158,24,4.27,162,Riga